matlab_mouse_index,python_index,session_file,session_id,lag,block_a_pv_correlation,block_b_pv_correlation,mean_block_pv_correlation
29,28,session_767871931.mat,767871931,1,0.6152905270030982,0.6980992333832293,0.6566948801931638
29,28,session_767871931.mat,767871931,2,0.5963610383417522,0.6744261334775191,0.6353935859096357
29,28,session_767871931.mat,767871931,3,0.5638438954624582,0.6574498638539403,0.6106468796581992
29,28,session_767871931.mat,767871931,4,0.5683595273090332,0.6510379149660628,0.609698721137548
29,28,session_767871931.mat,767871931,5,0.5719470210013635,0.6550939771195625,0.613520499060463
29,28,session_767871931.mat,767871931,6,0.5879879080404242,0.6516806715120048,0.6198342897762146
29,28,session_767871931.mat,767871931,7,0.5852252584160674,0.6514267069784779,0.6183259826972727
29,28,session_767871931.mat,767871931,8,0.5938887238180068,0.6752658998131484,0.6345773118155776
29,28,session_767871931.mat,767871931,9,0.584827092450177,0.6879356489258251,0.636381370688001
29,28,session_767871931.mat,767871931,10,0.5796383194104452,0.6664354189522438,0.6230368691813445
29,28,session_767871931.mat,767871931,11,0.5735908637309719,0.6627083580595169,0.6181496108952445
29,28,session_767871931.mat,767871931,12,0.5786471001874757,0.6443426891967259,0.6114948946921008
29,28,session_767871931.mat,767871931,13,0.5655680086673391,0.6516186888665318,0.6085933487669355
29,28,session_767871931.mat,767871931,14,0.5886629180739744,0.6384640945848192,0.6135635063293968
29,28,session_767871931.mat,767871931,15,0.5928671652156798,0.6463974006156558,0.6196322829156677
29,28,session_767871931.mat,767871931,16,0.5740995593183988,0.6563170168783424,0.6152082880983707
29,28,session_767871931.mat,767871931,17,0.5851562481743126,0.6864319562243574,0.635794102199335
29,28,session_767871931.mat,767871931,18,0.5860832919771898,0.6926341054913636,0.6393586987342768
29,28,session_767871931.mat,767871931,19,0.5833377328410394,0.708972207329134,0.6461549700850867
29,28,session_767871931.mat,767871931,20,0.5935597461748762,0.6944942698446062,0.6440270080097412
29,28,session_767871931.mat,767871931,21,0.5807571505240687,0.6580324725775732,0.619394811550821
29,28,session_767871931.mat,767871931,22,0.5745677019045423,0.6466489604055854,0.6106083311550639
29,28,session_767871931.mat,767871931,23,0.5510412001423114,0.6326519221117088,0.5918465611270101
29,28,session_767871931.mat,767871931,24,0.5186802545408083,0.6401030239100974,0.5793916392254529
29,28,session_767871931.mat,767871931,25,0.5401543805308574,0.6249928709699709,0.5825736257504142
29,28,session_767871931.mat,767871931,26,0.5532870758580134,0.6468878745651386,0.600087475211576
29,28,session_767871931.mat,767871931,27,0.5532354119522952,0.6543555231099143,0.6037954675311048
29,28,session_767871931.mat,767871931,28,0.59954482248939,0.67250583807303,0.63602533028121
29,28,session_767871931.mat,767871931,29,0.5985612728734305,0.6351278719529841,0.6168445724132073
31,30,session_771160300.mat,771160300,1,0.7638924689691321,0.8240145589829507,0.7939535139760414
31,30,session_771160300.mat,771160300,2,0.7536061203709332,0.8004441111468111,0.7770251157588721
31,30,session_771160300.mat,771160300,3,0.7632667738037193,0.7868248644318876,0.7750458191178035
31,30,session_771160300.mat,771160300,4,0.7566140545127903,0.7870121921341298,0.77181312332346
31,30,session_771160300.mat,771160300,5,0.7525617516175817,0.7903451546498863,0.771453453133734
31,30,session_771160300.mat,771160300,6,0.7643879202679494,0.7961895888744205,0.780288754571185
31,30,session_771160300.mat,771160300,7,0.7483397832114477,0.8095886127476273,0.7789641979795374
31,30,session_771160300.mat,771160300,8,0.7523157043052666,0.8182951967677057,0.7853054505364861
31,30,session_771160300.mat,771160300,9,0.7668918631566499,0.8049307332491116,0.7859112982028807
31,30,session_771160300.mat,771160300,10,0.7549209283782237,0.7868588930729705,0.7708899107255971
31,30,session_771160300.mat,771160300,11,0.7331064942660738,0.7879754214037825,0.7605409578349281
31,30,session_771160300.mat,771160300,12,0.7466483122005091,0.7778462131364283,0.7622472626684687
31,30,session_771160300.mat,771160300,13,0.7524605155278246,0.7783729671911505,0.7654167413594875
31,30,session_771160300.mat,771160300,14,0.7428960135440636,0.7794939357688981,0.7611949746564809
31,30,session_771160300.mat,771160300,15,0.7359814487534015,0.8032873602990641,0.7696344045262329
31,30,session_771160300.mat,771160300,16,0.7322229004255327,0.8190716316076081,0.7756472660165704
31,30,session_771160300.mat,771160300,17,0.7342626791504631,0.8197040260031389,0.776983352576801
31,30,session_771160300.mat,771160300,18,0.763503639721022,0.8028363044923682,0.7831699721066951
31,30,session_771160300.mat,771160300,19,0.7377042176324138,0.7909928675919091,0.7643485426121615
31,30,session_771160300.mat,771160300,20,0.7213461482172703,0.7847614818139977,0.7530538150156341
31,30,session_771160300.mat,771160300,21,0.736037057114922,0.7895417154230413,0.7627893862689816
31,30,session_771160300.mat,771160300,22,0.7313113454879911,0.7957882178924178,0.7635497816902045
31,30,session_771160300.mat,771160300,23,0.7244802672481122,0.8198530013988908,0.7721666343235015
31,30,session_771160300.mat,771160300,24,0.7008012174893814,0.8300281819928347,0.765414699741108
31,30,session_771160300.mat,771160300,25,0.7128515568045862,0.7990589552789985,0.7559552560417924
31,30,session_771160300.mat,771160300,26,0.7242125824337267,0.7708106581716443,0.7475116203026855
31,30,session_771160300.mat,771160300,27,0.709952222712659,0.754841274937518,0.7323967488250884
31,30,session_771160300.mat,771160300,28,0.6796239822003785,0.7535108244992237,0.7165674033498011
31,30,session_771160300.mat,771160300,29,0.6981585381912168,0.7315635449113327,0.7148610415512747
32,31,session_771990200.mat,771990200,1,0.8541544447180259,0.9054169440515671,0.8797856943847966
32,31,session_771990200.mat,771990200,2,0.8500924831761816,0.899168840810466,0.8746306619933237
32,31,session_771990200.mat,771990200,3,0.8415791834226667,0.8908671721396421,0.8662231777811544
32,31,session_771990200.mat,771990200,4,0.8368661363078524,0.894119427928763,0.8654927821183077
32,31,session_771990200.mat,771990200,5,0.8372827134645203,0.8918986600508769,0.8645906867576987
32,31,session_771990200.mat,771990200,6,0.8307817880163494,0.8913540850453344,0.8610679365308419
32,31,session_771990200.mat,771990200,7,0.8255725534452347,0.8864475677977964,0.8560100606215155
32,31,session_771990200.mat,771990200,8,0.8266653227858114,0.8849239254075382,0.8557946240966747
32,31,session_771990200.mat,771990200,9,0.8244715782531109,0.8840265135190655,0.8542490458860882
32,31,session_771990200.mat,771990200,10,0.8238990121454867,0.8829885546471623,0.8534437833963244
32,31,session_771990200.mat,771990200,11,0.8220383425669598,0.8781032886311142,0.8500708155990371
32,31,session_771990200.mat,771990200,12,0.819549831437283,0.8729822040666262,0.8462660177519545
32,31,session_771990200.mat,771990200,13,0.8185300975630982,0.8680639367879674,0.8432970171755328
32,31,session_771990200.mat,771990200,14,0.8162299033604941,0.8648784182892386,0.8405541608248663
32,31,session_771990200.mat,771990200,15,0.8136781298162994,0.8631182343135134,0.8383981820649065
32,31,session_771990200.mat,771990200,16,0.8222297654616801,0.8598804725553356,0.8410551190085078
32,31,session_771990200.mat,771990200,17,0.8157097156783328,0.8560829109027773,0.835896313290555
32,31,session_771990200.mat,771990200,18,0.8238776989208567,0.851968849471179,0.8379232741960179
32,31,session_771990200.mat,771990200,19,0.818273894457542,0.8478621924948204,0.8330680434761812
32,31,session_771990200.mat,771990200,20,0.8184799997352703,0.8446343242375614,0.8315571619864158
32,31,session_771990200.mat,771990200,21,0.8131590370948283,0.8380491339161467,0.8256040855054875
32,31,session_771990200.mat,771990200,22,0.8043634509953174,0.8345800543995616,0.8194717526974395
32,31,session_771990200.mat,771990200,23,0.797984375859515,0.8263800168667855,0.8121821963631503
32,31,session_771990200.mat,771990200,24,0.7830851265645765,0.8208044309883501,0.8019447787764633
32,31,session_771990200.mat,771990200,25,0.7639276899217349,0.8245219776597226,0.7942248337907287
32,31,session_771990200.mat,771990200,26,0.7680449599011964,0.8309891468194059,0.7995170533603011
32,31,session_771990200.mat,771990200,27,0.7705910646780946,0.8362402985313606,0.8034156816047275
32,31,session_771990200.mat,771990200,28,0.7817929439410747,0.8243913894852501,0.8030921667131624
32,31,session_771990200.mat,771990200,29,0.8000050839484457,0.810496787642432,0.8052509357954389
35,34,session_778240327.mat,778240327,1,0.770404539322696,0.7735597690322502,0.7719821541774732
35,34,session_778240327.mat,778240327,2,0.7612403790283758,0.7711243578256407,0.7661823684270083
35,34,session_778240327.mat,778240327,3,0.7582759282862811,0.7613063044765531,0.759791116381417
35,34,session_778240327.mat,778240327,4,0.7469701699219462,0.757017889049145,0.7519940294855456
35,34,session_778240327.mat,778240327,5,0.7585783491010278,0.7639758439491182,0.761277096525073
35,34,session_778240327.mat,778240327,6,0.7587162057968474,0.7466784321549782,0.7526973189759127
35,34,session_778240327.mat,778240327,7,0.7516988595409118,0.7527570863929117,0.7522279729669117
35,34,session_778240327.mat,778240327,8,0.7456480886887887,0.7523011206914749,0.7489746046901318
35,34,session_778240327.mat,778240327,9,0.7504962105312771,0.7505776511049639,0.7505369308181205
35,34,session_778240327.mat,778240327,10,0.7475505335977355,0.7590984252571256,0.7533244794274305
35,34,session_778240327.mat,778240327,11,0.7549826620571167,0.7563051722269598,0.7556439171420383
35,34,session_778240327.mat,778240327,12,0.7543067881689113,0.7508305309861989,0.7525686595775551
35,34,session_778240327.mat,778240327,13,0.741460411553493,0.7493112253841483,0.7453858184688207
35,34,session_778240327.mat,778240327,14,0.7343443950684101,0.7566119715773143,0.7454781833228622
35,34,session_778240327.mat,778240327,15,0.7366083571122205,0.7685034147117807,0.7525558859120006
35,34,session_778240327.mat,778240327,16,0.7503068394736111,0.7531848988906432,0.7517458691821272
35,34,session_778240327.mat,778240327,17,0.7334958847081767,0.7630086667633541,0.7482522757357655
35,34,session_778240327.mat,778240327,18,0.7280061011833113,0.7477834713786691,0.7378947862809901
35,34,session_778240327.mat,778240327,19,0.7275112202562467,0.7428304207365912,0.7351708204964189
35,34,session_778240327.mat,778240327,20,0.7137080549985784,0.7308888366661982,0.7222984458323882
35,34,session_778240327.mat,778240327,21,0.7317711772184221,0.7302935464093712,0.7310323618138966
35,34,session_778240327.mat,778240327,22,0.7506503905070283,0.7291179854711998,0.739884187989114
35,34,session_778240327.mat,778240327,23,0.7337315002482889,0.7246406109300073,0.7291860555891481
35,34,session_778240327.mat,778240327,24,0.7390561637845514,0.7479596196699597,0.7435078917272555
35,34,session_778240327.mat,778240327,25,0.7166604573798786,0.757099267966548,0.7368798626732134
35,34,session_778240327.mat,778240327,26,0.7272974056755738,0.7693786549132469,0.7483380302944103
35,34,session_778240327.mat,778240327,27,0.7584249275442464,0.7383549878607912,0.7483899577025188
35,34,session_778240327.mat,778240327,28,0.7653063223490888,0.7209617094509474,0.7431340159000182
35,34,session_778240327.mat,778240327,29,0.7246035976756959,0.6996257013512699,0.7121146495134829
36,35,session_778998620.mat,778998620,1,0.6753247718107037,0.7824229639847945,0.7288738678977491
36,35,session_778998620.mat,778998620,2,0.6632583817777461,0.7643080195681726,0.7137832006729594
36,35,session_778998620.mat,778998620,3,0.6842835994358338,0.7471966737139751,0.7157401365749045
36,35,session_778998620.mat,778998620,4,0.651321693305435,0.7375548390950252,0.6944382662002301
36,35,session_778998620.mat,778998620,5,0.6441230023746322,0.735726605215411,0.6899248037950216
36,35,session_778998620.mat,778998620,6,0.6834143149194248,0.7325565587732932,0.707985436846359
36,35,session_778998620.mat,778998620,7,0.6708144253815486,0.7364884860670667,0.7036514557243077
36,35,session_778998620.mat,778998620,8,0.6785435495142339,0.7345850826221055,0.7065643160681697
36,35,session_778998620.mat,778998620,9,0.6965565945876327,0.7270298778023767,0.7117932361950048
36,35,session_778998620.mat,778998620,10,0.6799389528853091,0.7257582245417185,0.7028485887135139
36,35,session_778998620.mat,778998620,11,0.6765215929266689,0.7161394772598187,0.6963305350932438
36,35,session_778998620.mat,778998620,12,0.6433062806465659,0.7183583903646723,0.6808323355056192
36,35,session_778998620.mat,778998620,13,0.6702926181953481,0.7105994819752348,0.6904460500852915
36,35,session_778998620.mat,778998620,14,0.6547164293436669,0.7122250181920771,0.683470723767872
36,35,session_778998620.mat,778998620,15,0.6490006206306588,0.7116417733784846,0.6803211970045717
36,35,session_778998620.mat,778998620,16,0.6823865102100316,0.7071296710530561,0.6947580906315438
36,35,session_778998620.mat,778998620,17,0.6755557861479269,0.7016227388172012,0.688589262482564
36,35,session_778998620.mat,778998620,18,0.6468874568974413,0.6895145353956357,0.6682009961465385
36,35,session_778998620.mat,778998620,19,0.6707888043643031,0.6806380743177128,0.675713439341008
36,35,session_778998620.mat,778998620,20,0.6447294962481781,0.6783409261035951,0.6615352111758865
36,35,session_778998620.mat,778998620,21,0.6249542304985706,0.6780571779775562,0.6515057042380634
36,35,session_778998620.mat,778998620,22,0.6760017883481717,0.6813073100674452,0.6786545492078084
36,35,session_778998620.mat,778998620,23,0.6723990535913517,0.6954421685351008,0.6839206110632262
36,35,session_778998620.mat,778998620,24,0.6343956109741841,0.6983568721983487,0.6663762415862664
36,35,session_778998620.mat,778998620,25,0.6649187927135897,0.6881936431260128,0.6765562179198013
36,35,session_778998620.mat,778998620,26,0.6841497796673413,0.6429434302787644,0.6635466049730528
36,35,session_778998620.mat,778998620,27,0.6369726759081166,0.6184477207478568,0.6277101983279867
36,35,session_778998620.mat,778998620,28,0.6509827243167402,0.6126753690496051,0.6318290466831726
36,35,session_778998620.mat,778998620,29,0.7490088822181152,0.5873361137450243,0.6681724979815697
37,36,session_779839471.mat,779839471,1,0.7292987312872191,0.7381278971484351,0.7337133142178272
37,36,session_779839471.mat,779839471,2,0.721263651894671,0.7308330097256911,0.726048330810181
37,36,session_779839471.mat,779839471,3,0.7174146684088066,0.7363031404046124,0.7268589044067095
37,36,session_779839471.mat,779839471,4,0.7124186235543799,0.7493004532236893,0.7308595383890346
37,36,session_779839471.mat,779839471,5,0.7121946221979752,0.7246210309095715,0.7184078265537734
37,36,session_779839471.mat,779839471,6,0.7184666907731766,0.7319228576935112,0.7251947742333439
37,36,session_779839471.mat,779839471,7,0.7160473424356751,0.7299431611117564,0.7229952517737157
37,36,session_779839471.mat,779839471,8,0.7048158322208496,0.7396204421072627,0.7222181371640561
37,36,session_779839471.mat,779839471,9,0.7097186792695729,0.7257707260732923,0.7177447026714325
37,36,session_779839471.mat,779839471,10,0.7101436439208333,0.7311154627726031,0.7206295533467182
37,36,session_779839471.mat,779839471,11,0.7071805075442541,0.7272315057161604,0.7172060066302073
37,36,session_779839471.mat,779839471,12,0.7086545589206238,0.730750723820995,0.7197026413708094
37,36,session_779839471.mat,779839471,13,0.7154962275469037,0.7315649199595976,0.7235305737532507
37,36,session_779839471.mat,779839471,14,0.7188939222473612,0.7198794506838024,0.7193866864655818
37,36,session_779839471.mat,779839471,15,0.6996254186871494,0.7156085428621154,0.7076169807746324
37,36,session_779839471.mat,779839471,16,0.6970775990246503,0.7129420919305369,0.7050098454775936
37,36,session_779839471.mat,779839471,17,0.6999175734988949,0.7199426486835876,0.7099301110912413
37,36,session_779839471.mat,779839471,18,0.7041379638414895,0.717480215457191,0.7108090896493402
37,36,session_779839471.mat,779839471,19,0.7000201315209774,0.7193626705898603,0.7096914010554188
37,36,session_779839471.mat,779839471,20,0.7051200264308826,0.7027729323402256,0.7039464793855541
37,36,session_779839471.mat,779839471,21,0.6980685477525167,0.7194508505559488,0.7087596991542328
37,36,session_779839471.mat,779839471,22,0.6891518105831496,0.7104369587218679,0.6997943846525088
37,36,session_779839471.mat,779839471,23,0.6856283970191844,0.6972510834820637,0.691439740250624
37,36,session_779839471.mat,779839471,24,0.6798481565606637,0.7151832887706466,0.6975157226656552
37,36,session_779839471.mat,779839471,25,0.6874762827445215,0.7223032912664321,0.7048897870054769
37,36,session_779839471.mat,779839471,26,0.6946827110929894,0.7108155589656322,0.7027491350293108
37,36,session_779839471.mat,779839471,27,0.7003346921241128,0.7013644195475507,0.7008495558358318
37,36,session_779839471.mat,779839471,28,0.6977205024816071,0.7164036168470296,0.7070620596643183
37,36,session_779839471.mat,779839471,29,0.6693609135377395,0.7356079450319813,0.7024844292848604
39,38,session_786091066.mat,786091066,1,0.8734784843156985,0.8840975551735408,0.8787880197446196
39,38,session_786091066.mat,786091066,2,0.8666409435920481,0.8805073671554446,0.8735741553737464
39,38,session_786091066.mat,786091066,3,0.8558516652360785,0.8816349966571957,0.868743330946637
39,38,session_786091066.mat,786091066,4,0.8443615562057529,0.873580791903595,0.8589711740546739
39,38,session_786091066.mat,786091066,5,0.832167536830419,0.873145249025733,0.8526563929280759
39,38,session_786091066.mat,786091066,6,0.8225507982322332,0.8730286568280631,0.8477897275301481
39,38,session_786091066.mat,786091066,7,0.8064784528410872,0.871034411557875,0.8387564321994812
39,38,session_786091066.mat,786091066,8,0.7903356863622872,0.8694174378314419,0.8298765620968646
39,38,session_786091066.mat,786091066,9,0.773771426856561,0.8675865559266253,0.8206789913915931
39,38,session_786091066.mat,786091066,10,0.7668013783055916,0.8640805014944494,0.8154409399000204
39,38,session_786091066.mat,786091066,11,0.7509402792765435,0.8638091745583161,0.8073747269174298
39,38,session_786091066.mat,786091066,12,0.7404347133878759,0.8613663509777526,0.8009005321828142
39,38,session_786091066.mat,786091066,13,0.732356005559085,0.8606379741001979,0.7964969898296415
39,38,session_786091066.mat,786091066,14,0.7210847314234189,0.8636741970743476,0.7923794642488833
39,38,session_786091066.mat,786091066,15,0.7084099119635018,0.8626198234179812,0.7855148676907415
39,38,session_786091066.mat,786091066,16,0.6985377388251066,0.8617718408680232,0.7801547898465648
39,38,session_786091066.mat,786091066,17,0.6889012435886834,0.8644132924389124,0.776657268013798
39,38,session_786091066.mat,786091066,18,0.6750515930809868,0.8545195209041804,0.7647855569925837
39,38,session_786091066.mat,786091066,19,0.6661700971682537,0.8523179512751935,0.7592440242217235
39,38,session_786091066.mat,786091066,20,0.658227104268834,0.8611404009839696,0.7596837526264018
39,38,session_786091066.mat,786091066,21,0.6488078119264921,0.8566462752718692,0.7527270435991806
39,38,session_786091066.mat,786091066,22,0.6364560751757066,0.850479194626992,0.7434676349013493
39,38,session_786091066.mat,786091066,23,0.6334503020997035,0.8520941845934609,0.7427722433465822
39,38,session_786091066.mat,786091066,24,0.6365848737110007,0.8449801973100458,0.7407825355105233
39,38,session_786091066.mat,786091066,25,0.6369779795283992,0.8447553521616034,0.7408666658450013
39,38,session_786091066.mat,786091066,26,0.6269553067841167,0.8427446966226434,0.7348500017033801
39,38,session_786091066.mat,786091066,27,0.6322409307637402,0.8343077322689694,0.7332743315163548
39,38,session_786091066.mat,786091066,28,0.6328440464288583,0.8240628090845421,0.7284534277567002
39,38,session_786091066.mat,786091066,29,0.5999105641898272,0.8109579907300396,0.7054342774599334
44,43,session_794812542.mat,794812542,1,0.5900061771226583,0.595187617743427,0.5925968974330427
44,43,session_794812542.mat,794812542,2,0.5983935700128767,0.5940688073898155,0.5962311887013461
44,43,session_794812542.mat,794812542,3,0.5824639728331134,0.6094610338477202,0.5959625033404168
44,43,session_794812542.mat,794812542,4,0.5672794574428262,0.587403374753041,0.5773414160979335
44,43,session_794812542.mat,794812542,5,0.566473894323193,0.5915505575874317,0.5790122259553123
44,43,session_794812542.mat,794812542,6,0.5697935634823463,0.5847212008898944,0.5772573821861204
44,43,session_794812542.mat,794812542,7,0.5815705027578428,0.580609493072898,0.5810899979153704
44,43,session_794812542.mat,794812542,8,0.5688241992781304,0.5826085940410101,0.5757163966595702
44,43,session_794812542.mat,794812542,9,0.5708141107765675,0.5678778295114049,0.5693459701439862
44,43,session_794812542.mat,794812542,10,0.5665878678711028,0.594421090959963,0.580504479415533
44,43,session_794812542.mat,794812542,11,0.5595883114076138,0.5863798068839642,0.572984059145789
44,43,session_794812542.mat,794812542,12,0.5565075871015771,0.5740181484161219,0.5652628677588495
44,43,session_794812542.mat,794812542,13,0.5669806114924993,0.6004973363559934,0.5837389739242465
44,43,session_794812542.mat,794812542,14,0.5723841164735801,0.5985519938813566,0.5854680551774684
44,43,session_794812542.mat,794812542,15,0.5719408390622972,0.6034936208129525,0.5877172299376249
44,43,session_794812542.mat,794812542,16,0.5767186797575865,0.6000004961987232,0.5883595879781549
44,43,session_794812542.mat,794812542,17,0.5806463652500631,0.6033330430319178,0.5919897041409905
44,43,session_794812542.mat,794812542,18,0.5857893991035578,0.5993711280704362,0.592580263586997
44,43,session_794812542.mat,794812542,19,0.5781302658934057,0.6035047394808724,0.590817502687139
44,43,session_794812542.mat,794812542,20,0.6034587478508018,0.6003162023562967,0.6018874751035492
44,43,session_794812542.mat,794812542,21,0.6139385129077465,0.593360763809,0.6036496383583733
44,43,session_794812542.mat,794812542,22,0.6159518282814187,0.5793571573611772,0.5976544928212979
44,43,session_794812542.mat,794812542,23,0.6327104284368072,0.6020931407120312,0.6174017845744193
44,43,session_794812542.mat,794812542,24,0.6098124587751014,0.582714632264582,0.5962635455198417
44,43,session_794812542.mat,794812542,25,0.6172549474063602,0.5580085395126708,0.5876317434595155
44,43,session_794812542.mat,794812542,26,0.5797243723526176,0.5986940904906216,0.5892092314216196
44,43,session_794812542.mat,794812542,27,0.6019451249385969,0.5716545608279994,0.5867998428832981
44,43,session_794812542.mat,794812542,28,0.5503992076383024,0.581648964559518,0.5660240860989102
44,43,session_794812542.mat,794812542,29,0.5723641568191131,0.6211460009377426,0.5967550788784279
48,47,session_816200189.mat,816200189,1,0.8805824597345383,0.8508157988022579,0.8656991292683981
48,47,session_816200189.mat,816200189,2,0.8797827571431046,0.8433811749926484,0.8615819660678765
48,47,session_816200189.mat,816200189,3,0.8791348657420177,0.8431048586681112,0.8611198622050644
48,47,session_816200189.mat,816200189,4,0.8759154602679057,0.8398702626796894,0.8578928614737975
48,47,session_816200189.mat,816200189,5,0.8756165859142107,0.8362215016639648,0.8559190437890878
48,47,session_816200189.mat,816200189,6,0.8744226450201099,0.8418601354397834,0.8581413902299466
48,47,session_816200189.mat,816200189,7,0.8727617080931782,0.8363692864578559,0.854565497275517
48,47,session_816200189.mat,816200189,8,0.8775451244928544,0.8312085581047863,0.8543768412988204
48,47,session_816200189.mat,816200189,9,0.8773283598209082,0.836399891576553,0.8568641256987306
48,47,session_816200189.mat,816200189,10,0.8761502087755737,0.8375219965110178,0.8568361026432958
48,47,session_816200189.mat,816200189,11,0.8786370854831858,0.8291239831637188,0.8538805343234523
48,47,session_816200189.mat,816200189,12,0.8739445782096467,0.8268225574804169,0.8503835678450318
48,47,session_816200189.mat,816200189,13,0.8732321664074302,0.8247146091254863,0.8489733877664583
48,47,session_816200189.mat,816200189,14,0.8796141080284245,0.8266316565376133,0.8531228822830189
48,47,session_816200189.mat,816200189,15,0.8706716178142854,0.8284499496048243,0.8495607837095549
48,47,session_816200189.mat,816200189,16,0.8764742377360358,0.8309814064846035,0.8537278221103197
48,47,session_816200189.mat,816200189,17,0.8719264626528423,0.831221766497629,0.8515741145752357
48,47,session_816200189.mat,816200189,18,0.8743336346303585,0.8359021976624064,0.8551179161463824
48,47,session_816200189.mat,816200189,19,0.8738214576652079,0.8358083229330874,0.8548148902991477
48,47,session_816200189.mat,816200189,20,0.8689446180017996,0.82925455844084,0.8490995882213197
48,47,session_816200189.mat,816200189,21,0.867915590505119,0.8319187726885829,0.8499171815968509
48,47,session_816200189.mat,816200189,22,0.8705891122320066,0.8265513703923515,0.8485702413121791
48,47,session_816200189.mat,816200189,23,0.8704791244910639,0.8192868462787087,0.8448829853848863
48,47,session_816200189.mat,816200189,24,0.8752789405662389,0.8151620070674523,0.8452204738168456
48,47,session_816200189.mat,816200189,25,0.8759061041888307,0.8243251681855206,0.8501156361871757
48,47,session_816200189.mat,816200189,26,0.8680908242131873,0.8238216672872045,0.8459562457501959
48,47,session_816200189.mat,816200189,27,0.8712838720447248,0.8341125129723639,0.8526981925085444
48,47,session_816200189.mat,816200189,28,0.8561743458182991,0.844263861507556,0.8502191036629275
48,47,session_816200189.mat,816200189,29,0.8803661572485253,0.8242283400179317,0.8522972486332285
49,48,session_819186360.mat,819186360,1,0.9000293636901621,0.8392905845447601,0.8696599741174611
49,48,session_819186360.mat,819186360,2,0.9000101537873565,0.8417575886439888,0.8708838712156726
49,48,session_819186360.mat,819186360,3,0.8954216061518544,0.8465890481412061,0.8710053271465302
49,48,session_819186360.mat,819186360,4,0.8968229203856487,0.8367741060050989,0.8667985131953738
49,48,session_819186360.mat,819186360,5,0.8944230543146808,0.839265648892519,0.8668443516036
49,48,session_819186360.mat,819186360,6,0.896140312816088,0.833552804952678,0.864846558884383
49,48,session_819186360.mat,819186360,7,0.8914320210411519,0.8261517204316893,0.8587918707364206
49,48,session_819186360.mat,819186360,8,0.893771957008838,0.8338432686845557,0.8638076128466969
49,48,session_819186360.mat,819186360,9,0.8953408705581523,0.8276600841365803,0.8615004773473662
49,48,session_819186360.mat,819186360,10,0.8876840635507717,0.8253467108212664,0.856515387186019
49,48,session_819186360.mat,819186360,11,0.8914073447669038,0.8326058640997805,0.8620066044333421
49,48,session_819186360.mat,819186360,12,0.8859281965021402,0.8208100536042777,0.8533691250532089
49,48,session_819186360.mat,819186360,13,0.8906359161901453,0.828308322189157,0.859472119189651
49,48,session_819186360.mat,819186360,14,0.9002323284077183,0.8246752125802356,0.862453770493977
49,48,session_819186360.mat,819186360,15,0.8961305779697629,0.8218898130621632,0.859010195515963
49,48,session_819186360.mat,819186360,16,0.8935586137183125,0.8208008311001338,0.8571797224092231
49,48,session_819186360.mat,819186360,17,0.9015354252624547,0.8205404102535495,0.8610379177580021
49,48,session_819186360.mat,819186360,18,0.9034510651957856,0.8167213966261615,0.8600862309109736
49,48,session_819186360.mat,819186360,19,0.9060259903650251,0.8086513081872588,0.8573386492761419
49,48,session_819186360.mat,819186360,20,0.9048884253217025,0.8113614691117241,0.8581249472167134
49,48,session_819186360.mat,819186360,21,0.9097577369939194,0.7977136432122122,0.8537356901030657
49,48,session_819186360.mat,819186360,22,0.9079313865135883,0.8016163858266363,0.8547738861701123
49,48,session_819186360.mat,819186360,23,0.9007539468376464,0.7854707375049153,0.8431123421712808
49,48,session_819186360.mat,819186360,24,0.8968983935779745,0.7720769287122146,0.8344876611450945
49,48,session_819186360.mat,819186360,25,0.900983834202342,0.7757182250697029,0.8383510296360224
49,48,session_819186360.mat,819186360,26,0.8994803998555445,0.7556850299185435,0.827582714887044
49,48,session_819186360.mat,819186360,27,0.9095503113530189,0.738647952962228,0.8240991321576234
49,48,session_819186360.mat,819186360,28,0.892446571836355,0.7083960929578743,0.8004213323971147
49,48,session_819186360.mat,819186360,29,0.8939644518349,0.7169328028943229,0.8054486273646115
51,50,session_821695405.mat,821695405,1,0.8382293938495555,0.8389764092573055,0.8386029015534305
51,50,session_821695405.mat,821695405,2,0.8361971409853443,0.8341748505353651,0.8351859957603547
51,50,session_821695405.mat,821695405,3,0.8380163990543907,0.8345275780202847,0.8362719885373378
51,50,session_821695405.mat,821695405,4,0.8221642401460868,0.8354554744221443,0.8288098572841156
51,50,session_821695405.mat,821695405,5,0.8241824260426778,0.8381582000992935,0.8311703130709857
51,50,session_821695405.mat,821695405,6,0.8236776811175325,0.8289404895319011,0.8263090853247168
51,50,session_821695405.mat,821695405,7,0.8218444208539768,0.8297884186006862,0.8258164197273314
51,50,session_821695405.mat,821695405,8,0.8291385142470881,0.8383062319890014,0.8337223731180448
51,50,session_821695405.mat,821695405,9,0.8292030578483843,0.8324763565976205,0.8308397072230025
51,50,session_821695405.mat,821695405,10,0.8245728653005399,0.8222186288021517,0.8233957470513458
51,50,session_821695405.mat,821695405,11,0.8277345661806613,0.8335892123257471,0.8306618892532043
51,50,session_821695405.mat,821695405,12,0.8221720846052417,0.8352920716297205,0.8287320781174812
51,50,session_821695405.mat,821695405,13,0.8118010764851249,0.8385498771208161,0.8251754768029704
51,50,session_821695405.mat,821695405,14,0.8138450531124384,0.8310556231489687,0.8224503381307036
51,50,session_821695405.mat,821695405,15,0.8155413210420268,0.8312358310451617,0.8233885760435943
51,50,session_821695405.mat,821695405,16,0.8001999482536176,0.8330969287098221,0.8166484384817199
51,50,session_821695405.mat,821695405,17,0.8085941793862109,0.8345505043849575,0.8215723418855843
51,50,session_821695405.mat,821695405,18,0.8058749450798737,0.8284967350732177,0.8171858400765457
51,50,session_821695405.mat,821695405,19,0.8075103113218126,0.8369577008484289,0.8222340060851208
51,50,session_821695405.mat,821695405,20,0.8211691812887574,0.8361888741816506,0.828679027735204
51,50,session_821695405.mat,821695405,21,0.8047004862450586,0.8286270502999561,0.8166637682725073
51,50,session_821695405.mat,821695405,22,0.8049952870865833,0.8296378335933332,0.8173165603399583
51,50,session_821695405.mat,821695405,23,0.8182296052348663,0.8288068513540647,0.8235182282944655
51,50,session_821695405.mat,821695405,24,0.8007226166565297,0.8298168455515973,0.8152697311040635
51,50,session_821695405.mat,821695405,25,0.8016094899737336,0.8516186478847632,0.8266140689292484
51,50,session_821695405.mat,821695405,26,0.8060266059703283,0.8249519291906532,0.8154892675804908
51,50,session_821695405.mat,821695405,27,0.8103069794066914,0.8286889130347177,0.8194979462207046
51,50,session_821695405.mat,821695405,28,0.7981250922866545,0.8130310831984919,0.8055780877425732
51,50,session_821695405.mat,821695405,29,0.7983520066205246,0.7912037388759636,0.7947778727482442
53,52,session_831882777.mat,831882777,1,0.8790726661765185,0.8240520281813355,0.851562347178927
53,52,session_831882777.mat,831882777,2,0.8754479932128488,0.8104846755011698,0.8429663343570093
53,52,session_831882777.mat,831882777,3,0.872117750123792,0.8047651447059505,0.8384414474148713
53,52,session_831882777.mat,831882777,4,0.8717401370254447,0.8051261818559803,0.8384331594407125
53,52,session_831882777.mat,831882777,5,0.8670373514020138,0.8100148918656978,0.8385261216338558
53,52,session_831882777.mat,831882777,6,0.8665687418568323,0.8078864596944785,0.8372276007756554
53,52,session_831882777.mat,831882777,7,0.8616994858102042,0.8096392341898369,0.8356693600000205
53,52,session_831882777.mat,831882777,8,0.8594754140850361,0.8041189858185175,0.8317971999517768
53,52,session_831882777.mat,831882777,9,0.8579123653598667,0.7986567668167824,0.8282845660883246
53,52,session_831882777.mat,831882777,10,0.8559255492816314,0.7980711465074737,0.8269983478945526
53,52,session_831882777.mat,831882777,11,0.853722546675585,0.8045786912328968,0.8291506189542409
53,52,session_831882777.mat,831882777,12,0.84962139136517,0.7999742938217269,0.8247978425934485
53,52,session_831882777.mat,831882777,13,0.8458614640819694,0.7998053766105647,0.822833420346267
53,52,session_831882777.mat,831882777,14,0.8426840288289974,0.7968294725563257,0.8197567506926615
53,52,session_831882777.mat,831882777,15,0.8395899410945855,0.7940996124707861,0.8168447767826859
53,52,session_831882777.mat,831882777,16,0.8400075836957599,0.7935701484035971,0.8167888660496785
53,52,session_831882777.mat,831882777,17,0.8322794873751849,0.7844360951242606,0.8083577912497227
53,52,session_831882777.mat,831882777,18,0.8277729091805862,0.7811973328468486,0.8044851210137174
53,52,session_831882777.mat,831882777,19,0.8254814322787571,0.7763508816632931,0.8009161569710251
53,52,session_831882777.mat,831882777,20,0.8280860417055965,0.767591437043188,0.7978387393743922
53,52,session_831882777.mat,831882777,21,0.8209604593995282,0.7628857121517547,0.7919230857756414
53,52,session_831882777.mat,831882777,22,0.8164285332795076,0.757380475513961,0.7869045043967343
53,52,session_831882777.mat,831882777,23,0.8139415303702676,0.7620117080559661,0.7879766192131168
53,52,session_831882777.mat,831882777,24,0.805398337642199,0.7609177082403953,0.7831580229412971
53,52,session_831882777.mat,831882777,25,0.796933203962765,0.7759113209332232,0.7864222624479942
53,52,session_831882777.mat,831882777,26,0.7852875061692918,0.7764467844016121,0.7808671452854519
53,52,session_831882777.mat,831882777,27,0.7726446930991675,0.7641745123899618,0.7684096027445646
53,52,session_831882777.mat,831882777,28,0.7552087373204124,0.740469772849619,0.7478392550850157
53,52,session_831882777.mat,831882777,29,0.7622767623745836,0.7523061364558785,0.7572914494152311
55,54,session_839068429.mat,839068429,1,0.7008050402451785,0.6981242150217059,0.6994646276334422
55,54,session_839068429.mat,839068429,2,0.6719746630152311,0.6897883493848678,0.6808815062000495
55,54,session_839068429.mat,839068429,3,0.6533866006273908,0.6790965382824004,0.6662415694548955
55,54,session_839068429.mat,839068429,4,0.659910430130711,0.6634184294116383,0.6616644297711747
55,54,session_839068429.mat,839068429,5,0.6602070415372853,0.6568603293516625,0.6585336854444739
55,54,session_839068429.mat,839068429,6,0.6557739989001589,0.6505394926006353,0.6531567457503971
55,54,session_839068429.mat,839068429,7,0.64067528667333,0.6563010329384117,0.6484881598058708
55,54,session_839068429.mat,839068429,8,0.6287345776222661,0.6580205339394554,0.6433775557808608
55,54,session_839068429.mat,839068429,9,0.6261399272506329,0.6666340527883732,0.6463869900195031
55,54,session_839068429.mat,839068429,10,0.6130689847641817,0.6602375776026489,0.6366532811834154
55,54,session_839068429.mat,839068429,11,0.6200015133542006,0.6675648159516114,0.643783164652906
55,54,session_839068429.mat,839068429,12,0.6162959774867107,0.6492757602914199,0.6327858688890653
55,54,session_839068429.mat,839068429,13,0.6047493134935099,0.6425076015415692,0.6236284575175395
55,54,session_839068429.mat,839068429,14,0.6154103461285361,0.642458900658929,0.6289346233937325
55,54,session_839068429.mat,839068429,15,0.6144409190259449,0.6285704614759334,0.6215056902509392
55,54,session_839068429.mat,839068429,16,0.6010599590100861,0.6240810652603114,0.6125705121351988
55,54,session_839068429.mat,839068429,17,0.5929670734763017,0.6258147675765694,0.6093909205264356
55,54,session_839068429.mat,839068429,18,0.6086724357831175,0.6148686449388573,0.6117705403609874
55,54,session_839068429.mat,839068429,19,0.6205363710386081,0.6230495526031915,0.6217929618208998
55,54,session_839068429.mat,839068429,20,0.6365742981377733,0.626338724180028,0.6314565111589007
55,54,session_839068429.mat,839068429,21,0.6395530092219208,0.6141168614075341,0.6268349353147274
55,54,session_839068429.mat,839068429,22,0.6371007005169582,0.633201809457421,0.6351512549871896
55,54,session_839068429.mat,839068429,23,0.6137585803366353,0.6309185282643014,0.6223385543004684
55,54,session_839068429.mat,839068429,24,0.6060797634971885,0.6401117663389769,0.6230957649180827
55,54,session_839068429.mat,839068429,25,0.6038005440528997,0.6178885247025413,0.6108445343777205
55,54,session_839068429.mat,839068429,26,0.6091654911361685,0.6429997585040281,0.6260826248200984
55,54,session_839068429.mat,839068429,27,0.6477213388113774,0.5963849115295389,0.6220531251704582
55,54,session_839068429.mat,839068429,28,0.6176760580162507,0.5746428075412406,0.5961594327787456
55,54,session_839068429.mat,839068429,29,0.611632698939497,0.4917326293762219,0.5516826641578595
56,55,session_839557629.mat,839557629,1,0.7184487753918074,0.7356459262552423,0.7270473508235249
56,55,session_839557629.mat,839557629,2,0.6912216462976979,0.7394105426892985,0.7153160944934982
56,55,session_839557629.mat,839557629,3,0.6800194946052724,0.727413395654581,0.7037164451299267
56,55,session_839557629.mat,839557629,4,0.669918191740487,0.7241863846832597,0.6970522882118733
56,55,session_839557629.mat,839557629,5,0.6534566304108956,0.7309395189043861,0.6921980746576408
56,55,session_839557629.mat,839557629,6,0.6381006130551409,0.7092551052880723,0.6736778591716066
56,55,session_839557629.mat,839557629,7,0.6477191842641683,0.7090435440580286,0.6783813641610985
56,55,session_839557629.mat,839557629,8,0.6362557789053683,0.7171887751918535,0.676722277048611
56,55,session_839557629.mat,839557629,9,0.6208785306192315,0.7044624607148636,0.6626704956670475
56,55,session_839557629.mat,839557629,10,0.6146861558193454,0.6827677688263264,0.6487269623228359
56,55,session_839557629.mat,839557629,11,0.6196133516030239,0.6951038592946532,0.6573586054488385
56,55,session_839557629.mat,839557629,12,0.6073444986487744,0.6861652534656619,0.6467548760572182
56,55,session_839557629.mat,839557629,13,0.6124291272103148,0.6917166935884762,0.6520729103993955
56,55,session_839557629.mat,839557629,14,0.5988404341203235,0.7023130288654029,0.6505767314928632
56,55,session_839557629.mat,839557629,15,0.5848628440251867,0.686496948246674,0.6356798961359303
56,55,session_839557629.mat,839557629,16,0.5857864636746931,0.7036345800466188,0.6447105218606559
56,55,session_839557629.mat,839557629,17,0.5779601279284904,0.6945521020340988,0.6362561149812946
56,55,session_839557629.mat,839557629,18,0.5708560585806427,0.6957770914195348,0.6333165750000888
56,55,session_839557629.mat,839557629,19,0.5545649848837345,0.700865051801368,0.6277150183425513
56,55,session_839557629.mat,839557629,20,0.5551638223739317,0.7068765253720283,0.6310201738729799
56,55,session_839557629.mat,839557629,21,0.5319882148106023,0.6922228501470805,0.6121055324788414
56,55,session_839557629.mat,839557629,22,0.5200289334093374,0.7056728759476993,0.6128509046785184
56,55,session_839557629.mat,839557629,23,0.5424236011339846,0.7304850991614972,0.6364543501477409
56,55,session_839557629.mat,839557629,24,0.5225279143834761,0.7162096229496536,0.6193687686665649
56,55,session_839557629.mat,839557629,25,0.5197159393432582,0.7260544012691319,0.6228851703061951
56,55,session_839557629.mat,839557629,26,0.48637331133806927,0.7321459186351149,0.6092596149865921
56,55,session_839557629.mat,839557629,27,0.507317843395104,0.7080237105131763,0.6076707769541401
56,55,session_839557629.mat,839557629,28,0.4810543655440901,0.7285717069778956,0.6048130362609929
56,55,session_839557629.mat,839557629,29,0.522565042261543,0.6859719705951998,0.6042685064283714
57,56,session_840012044.mat,840012044,1,0.7812362416047521,0.7601447625940556,0.7706905020994039
57,56,session_840012044.mat,840012044,2,0.7816224240740545,0.7443600883052379,0.7629912561896461
57,56,session_840012044.mat,840012044,3,0.7515652916097544,0.7319840410881758,0.741774666348965
57,56,session_840012044.mat,840012044,4,0.7556745003874562,0.7282890335773976,0.7419817669824269
57,56,session_840012044.mat,840012044,5,0.7465902797337443,0.7196404784120048,0.7331153790728746
57,56,session_840012044.mat,840012044,6,0.7580304356919196,0.7132449087074989,0.7356376721997093
57,56,session_840012044.mat,840012044,7,0.757315061584951,0.7027288328555382,0.7300219472202446
57,56,session_840012044.mat,840012044,8,0.7574780752965246,0.699845171828746,0.7286616235626353
57,56,session_840012044.mat,840012044,9,0.7547357029024339,0.6872935484944941,0.721014625698464
57,56,session_840012044.mat,840012044,10,0.7514563944505375,0.6861355105451621,0.7187959524978498
57,56,session_840012044.mat,840012044,11,0.7500074601915248,0.6809081382060119,0.7154577991987683
57,56,session_840012044.mat,840012044,12,0.7580201759249419,0.6769655508472843,0.7174928633861131
57,56,session_840012044.mat,840012044,13,0.766201037324886,0.6733763169061621,0.719788677115524
57,56,session_840012044.mat,840012044,14,0.769200036102226,0.6754923142618797,0.7223461751820528
57,56,session_840012044.mat,840012044,15,0.7724967074538914,0.6799331952102375,0.7262149513320645
57,56,session_840012044.mat,840012044,16,0.7569004394736554,0.6851191067018342,0.7210097730877447
57,56,session_840012044.mat,840012044,17,0.7442744309084021,0.6878728208030197,0.7160736258557109
57,56,session_840012044.mat,840012044,18,0.736120162885005,0.6927038005964986,0.7144119817407518
57,56,session_840012044.mat,840012044,19,0.7269112991078249,0.6787226449839451,0.702816972045885
57,56,session_840012044.mat,840012044,20,0.7200382642338214,0.6668532018414938,0.6934457330376576
57,56,session_840012044.mat,840012044,21,0.7214344416415828,0.6708678118559825,0.6961511267487827
57,56,session_840012044.mat,840012044,22,0.726156132074659,0.6825563504041026,0.7043562412393808
57,56,session_840012044.mat,840012044,23,0.7152750646335193,0.6901199007204557,0.7026974826769875
57,56,session_840012044.mat,840012044,24,0.7244392762215485,0.6619286520560369,0.6931839641387927
57,56,session_840012044.mat,840012044,25,0.7204009913421033,0.6485305113633675,0.6844657513527355
57,56,session_840012044.mat,840012044,26,0.7244459639710021,0.6748427645664065,0.6996443642687042
57,56,session_840012044.mat,840012044,27,0.7503630645835927,0.7049083953012417,0.7276357299424172
57,56,session_840012044.mat,840012044,28,0.7662051762539429,0.6773777874086349,0.7217914818312889
57,56,session_840012044.mat,840012044,29,0.7662487063566878,0.6480730614621114,0.7071608839093997
58,57,session_847657808.mat,847657808,1,0.8207586899744551,0.7452552660080236,0.7830069779912394
58,57,session_847657808.mat,847657808,2,0.8071343026763552,0.720752741941396,0.7639435223088756
58,57,session_847657808.mat,847657808,3,0.7982951808736963,0.7230371699238965,0.7606661753987964
58,57,session_847657808.mat,847657808,4,0.7882263038169974,0.7312592256211506,0.759742764719074
58,57,session_847657808.mat,847657808,5,0.7807322766913599,0.7411715785621685,0.7609519276267642
58,57,session_847657808.mat,847657808,6,0.7787121396438593,0.7326020957617203,0.7556571177027898
58,57,session_847657808.mat,847657808,7,0.7796235249855871,0.7060820197514732,0.7428527723685301
58,57,session_847657808.mat,847657808,8,0.7838787672180051,0.7155258621028596,0.7497023146604324
58,57,session_847657808.mat,847657808,9,0.782291970561871,0.7148832721775281,0.7485876213696996
58,57,session_847657808.mat,847657808,10,0.7799372621117182,0.7410595650480734,0.7604984135798958
58,57,session_847657808.mat,847657808,11,0.7806951819243709,0.745665284502917,0.7631802332136439
58,57,session_847657808.mat,847657808,12,0.7728451852116334,0.7292451781075612,0.7510451816595973
58,57,session_847657808.mat,847657808,13,0.771225982118506,0.7047368036978002,0.7379813929081531
58,57,session_847657808.mat,847657808,14,0.7729988554127818,0.7199544617169154,0.7464766585648486
58,57,session_847657808.mat,847657808,15,0.7757461115997503,0.727513073034825,0.7516295923172877
58,57,session_847657808.mat,847657808,16,0.7695742744201622,0.723348738403245,0.7464615064117036
58,57,session_847657808.mat,847657808,17,0.7737346360514927,0.7090518245710863,0.7413932303112896
58,57,session_847657808.mat,847657808,18,0.7834351714961203,0.7025276354474074,0.7429814034717639
58,57,session_847657808.mat,847657808,19,0.7875915028538331,0.7111716822580919,0.7493815925559625
58,57,session_847657808.mat,847657808,20,0.7908241225086164,0.721538298372643,0.7561812104406298
58,57,session_847657808.mat,847657808,21,0.7968151048661203,0.7218907121315948,0.7593529084988575
58,57,session_847657808.mat,847657808,22,0.8058204680216139,0.7235911634818002,0.764705815751707
58,57,session_847657808.mat,847657808,23,0.8088992227074011,0.6945378509733839,0.7517185368403925
58,57,session_847657808.mat,847657808,24,0.8051962898954822,0.6993971162395279,0.7522967030675051
58,57,session_847657808.mat,847657808,25,0.8037344236413551,0.7381868413957637,0.7709606325185594
58,57,session_847657808.mat,847657808,26,0.8048549295486995,0.7078554799009412,0.7563552047248203
58,57,session_847657808.mat,847657808,27,0.8083591315422476,0.6689246715567965,0.738641901549522
58,57,session_847657808.mat,847657808,28,0.8045662836125314,0.6514601981690084,0.7280132408907698
58,57,session_847657808.mat,847657808,29,0.778528890241333,0.6739842630252574,0.7262565766332951
