filename,session_id,n_units_pm,lag,blockA_mean,blockB_mean,mouse_mean,blockA_n_pairs,blockB_n_pairs
session_767871931.mat,767871931,64,1,0.9220267267226884,0.9542072905351474,0.9381170086289179,29,29
session_767871931.mat,767871931,64,2,0.8967822760804879,0.9223351962612216,0.9095587361708548,28,28
session_767871931.mat,767871931,64,3,0.8690457058149427,0.9053901105752891,0.8872179081951159,27,27
session_767871931.mat,767871931,64,4,0.8653616159354829,0.9000318791569124,0.8826967475461976,26,26
session_767871931.mat,767871931,64,5,0.8766367017670466,0.8989695705738606,0.8878031361704536,25,25
session_767871931.mat,767871931,64,6,0.9021932712149034,0.9014071397212131,0.9018002054680583,24,24
session_767871931.mat,767871931,64,7,0.8977055891962802,0.9091828413329699,0.903444215264625,23,23
session_767871931.mat,767871931,64,8,0.8970301675464163,0.9243712976204026,0.9107007325834094,22,22
session_767871931.mat,767871931,64,9,0.8843248183526088,0.935563601631771,0.90994420999219,21,21
session_767871931.mat,767871931,64,10,0.8876378440235626,0.9293011380614684,0.9084694910425155,20,20
session_767871931.mat,767871931,64,11,0.8700514998941346,0.9146178647430905,0.8923346823186125,19,19
session_767871931.mat,767871931,64,12,0.8751764733855485,0.8994848576370637,0.887330665511306,18,18
session_767871931.mat,767871931,64,13,0.8628224242381928,0.9028095085977186,0.8828159664179557,17,17
session_767871931.mat,767871931,64,14,0.8832906216076178,0.8957839216011789,0.8895372716043983,16,16
session_767871931.mat,767871931,64,15,0.8742795945143648,0.8903858739820251,0.8823327342481949,15,15
session_767871931.mat,767871931,64,16,0.8671746855300027,0.9064409654133649,0.8868078254716838,14,14
session_767871931.mat,767871931,64,17,0.8689974019582997,0.9252697512137927,0.8971335765860462,13,13
session_767871931.mat,767871931,64,18,0.8769795332945391,0.9403176703796802,0.9086486018371096,12,12
session_767871931.mat,767871931,64,19,0.884985604552637,0.9441997411133065,0.9145926728329717,11,11
session_767871931.mat,767871931,64,20,0.8882723246468837,0.9236679282009733,0.9059701264239285,10,10
session_767871931.mat,767871931,64,21,0.8582011916905741,0.9077142254275807,0.8829577085590774,9,9
session_767871931.mat,767871931,64,22,0.8538302463496187,0.9083742841139459,0.8811022652317824,8,8
session_767871931.mat,767871931,64,23,0.8231580809518536,0.8950352507662098,0.8590966658590318,7,7
session_767871931.mat,767871931,64,24,0.8078240803613226,0.8831207839582657,0.8454724321597942,6,6
session_767871931.mat,767871931,64,25,0.8379747615124551,0.8855653251540467,0.8617700433332509,5,5
session_767871931.mat,767871931,64,26,0.8408540955135864,0.9029576244093747,0.8719058599614805,4,4
session_767871931.mat,767871931,64,27,0.8196695239198722,0.9008399209355148,0.8602547224276935,3,3
session_767871931.mat,767871931,64,28,0.8563700477897418,0.8883942989635598,0.8723821733766508,2,2
session_767871931.mat,767871931,64,29,0.8602349098061147,0.9004054983354784,0.8803202040707966,1,1
session_771160300.mat,771160300,58,1,0.9558833292423238,0.9765284162318677,0.9662058727370957,29,29
session_771160300.mat,771160300,58,2,0.9421894792645655,0.9579293205787689,0.9500593999216672,28,28
session_771160300.mat,771160300,58,3,0.9474940820826471,0.9497882550278698,0.9486411685552585,27,27
session_771160300.mat,771160300,58,4,0.9431233112474816,0.9475117602978494,0.9453175357726655,26,26
session_771160300.mat,771160300,58,5,0.9421986626456573,0.951110414525388,0.9466545385855227,25,25
session_771160300.mat,771160300,58,6,0.9472353634139061,0.9574409145793091,0.9523381389966077,24,24
session_771160300.mat,771160300,58,7,0.9382246124351333,0.9674318973211283,0.9528282548781308,23,23
session_771160300.mat,771160300,58,8,0.9413655314694389,0.9712688031220289,0.9563171672957339,22,22
session_771160300.mat,771160300,58,9,0.9508440546463142,0.9620451911001492,0.9564446228732317,21,21
session_771160300.mat,771160300,58,10,0.9375365738406429,0.9522165262336788,0.9448765500371609,20,20
session_771160300.mat,771160300,58,11,0.9281310082186841,0.9470848313661477,0.9376079197924159,19,19
session_771160300.mat,771160300,58,12,0.9354666884447806,0.9448758299138552,0.9401712591793179,18,18
session_771160300.mat,771160300,58,13,0.9387562274638603,0.9431102182257985,0.9409332228448295,17,17
session_771160300.mat,771160300,58,14,0.933259077839269,0.9449211564802958,0.9390901171597824,16,16
session_771160300.mat,771160300,58,15,0.9301231445044841,0.9601367769254956,0.9451299607149899,15,15
session_771160300.mat,771160300,58,16,0.9331044097039956,0.9718439073755291,0.9524741585397623,14,14
session_771160300.mat,771160300,58,17,0.930059313532644,0.9683773631289608,0.9492183383308024,13,13
session_771160300.mat,771160300,58,18,0.9452877201100395,0.9573456192505612,0.9513166696803004,12,12
session_771160300.mat,771160300,58,19,0.9340101206579935,0.9461465746652642,0.9400783476616288,11,11
session_771160300.mat,771160300,58,20,0.9166917945777111,0.9423314552526738,0.9295116249151925,10,10
session_771160300.mat,771160300,58,21,0.9308207863602268,0.9449048018858179,0.9378627941230224,9,9
session_771160300.mat,771160300,58,22,0.9291288368883415,0.9489379423227093,0.9390333896055254,8,8
session_771160300.mat,771160300,58,23,0.922645389905829,0.9630000500398374,0.9428227199728332,7,7
session_771160300.mat,771160300,58,24,0.9137227913021517,0.9724214762890785,0.9430721337956152,6,6
session_771160300.mat,771160300,58,25,0.9223835089378003,0.953125985429403,0.9377547471836016,5,5
session_771160300.mat,771160300,58,26,0.9160735839875521,0.9263944893289507,0.9212340366582514,4,4
session_771160300.mat,771160300,58,27,0.9125092148650622,0.9158115529223779,0.91416038389372,3,3
session_771160300.mat,771160300,58,28,0.8968693701170687,0.9158266925469226,0.9063480313319956,2,2
session_771160300.mat,771160300,58,29,0.8883179860304107,0.9031375509813991,0.8957277685059049,1,1
session_771990200.mat,771990200,37,1,0.9880887777253125,0.9920289220442463,0.9900588498847793,29,29
session_771990200.mat,771990200,37,2,0.9832134874695807,0.9893783865392519,0.9862959370044163,28,28
session_771990200.mat,771990200,37,3,0.979067883034709,0.986992667409482,0.9830302752220955,27,27
session_771990200.mat,771990200,37,4,0.9746751319724359,0.9871141038297216,0.9808946179010788,26,26
session_771990200.mat,771990200,37,5,0.9719396544937902,0.9862035183098815,0.9790715864018358,25,25
session_771990200.mat,771990200,37,6,0.9689625113950995,0.9854198323863234,0.9771911718907114,24,24
session_771990200.mat,771990200,37,7,0.9661391060982357,0.9836330239592407,0.9748860650287382,23,23
session_771990200.mat,771990200,37,8,0.9636521969743927,0.9831831079002181,0.9734176524373055,22,22
session_771990200.mat,771990200,37,9,0.9616808714374192,0.982835551364376,0.9722582114008975,21,21
session_771990200.mat,771990200,37,10,0.961001781837758,0.9814406092694774,0.9712211955536176,20,20
session_771990200.mat,771990200,37,11,0.9585037168371147,0.9797474774176603,0.9691255971273876,19,19
session_771990200.mat,771990200,37,12,0.9564188999325169,0.9784006435783543,0.9674097717554356,18,18
session_771990200.mat,771990200,37,13,0.9543390882077452,0.9768164414967136,0.9655777648522295,17,17
session_771990200.mat,771990200,37,14,0.951990144043918,0.9756915603021187,0.9638408521730184,16,16
session_771990200.mat,771990200,37,15,0.9530608313708535,0.9748064477432465,0.96393363955705,15,15
session_771990200.mat,771990200,37,16,0.9561137742853708,0.9739305899591555,0.9650221821222631,14,14
session_771990200.mat,771990200,37,17,0.9575335045862006,0.9736817072226945,0.9656076059044476,13,13
session_771990200.mat,771990200,37,18,0.9548397741349192,0.9725225174777742,0.9636811458063467,12,12
session_771990200.mat,771990200,37,19,0.9524516858834752,0.9716896965154785,0.9620706911994769,11,11
session_771990200.mat,771990200,37,20,0.9515360705218269,0.9684584413141943,0.9599972559180106,10,10
session_771990200.mat,771990200,37,21,0.944649467659283,0.9681163730480681,0.9563829203536756,9,9
session_771990200.mat,771990200,37,22,0.9367979523941272,0.9659803589314103,0.9513891556627687,8,8
session_771990200.mat,771990200,37,23,0.9293516958960052,0.9649735660760786,0.9471626309860419,7,7
session_771990200.mat,771990200,37,24,0.9174366683690366,0.9623493135105204,0.9398929909397785,6,6
session_771990200.mat,771990200,37,25,0.910370212256125,0.9633773804393794,0.9368737963477523,5,5
session_771990200.mat,771990200,37,26,0.9055613959927072,0.9634689368852891,0.9345151664389981,4,4
session_771990200.mat,771990200,37,27,0.9080648970560596,0.9678848676454561,0.9379748823507579,3,3
session_771990200.mat,771990200,37,28,0.9191358882768561,0.9642107393263288,0.9416733138015925,2,2
session_771990200.mat,771990200,37,29,0.941317458944308,0.9684079731402715,0.9548627160422898,1,1
session_778240327.mat,778240327,68,1,0.9701714419072417,0.9670615140898293,0.9686164779985356,29,29
session_778240327.mat,778240327,68,2,0.9624120432243373,0.9628737944184543,0.9626429188213959,28,28
session_778240327.mat,778240327,68,3,0.9549526207144323,0.953431025183158,0.9541918229487951,27,27
session_778240327.mat,778240327,68,4,0.9526183335173248,0.9537936005693941,0.9532059670433595,26,26
session_778240327.mat,778240327,68,5,0.9597920432227027,0.9547756273553787,0.9572838352890407,25,25
session_778240327.mat,778240327,68,6,0.9569958805344146,0.9481652693092822,0.9525805749218484,24,24
session_778240327.mat,778240327,68,7,0.9521105699941306,0.946050942324569,0.9490807561593497,23,23
session_778240327.mat,778240327,68,8,0.947150213918542,0.946486320421451,0.9468182671699965,22,22
session_778240327.mat,778240327,68,9,0.945966151708584,0.9453281189398369,0.9456471353242104,21,21
session_778240327.mat,778240327,68,10,0.9516486440071799,0.9514048715602093,0.9515267577836946,20,20
session_778240327.mat,778240327,68,11,0.956167160269286,0.9505070591073003,0.9533371096882932,19,19
session_778240327.mat,778240327,68,12,0.9508985137023722,0.9478656077745844,0.9493820607384783,18,18
session_778240327.mat,778240327,68,13,0.9462951083413756,0.9508016701941069,0.9485483892677413,17,17
session_778240327.mat,778240327,68,14,0.9389354468800626,0.9487097913186673,0.9438226190993649,16,16
session_778240327.mat,778240327,68,15,0.9364821671350168,0.9602401465719945,0.9483611568535056,15,15
session_778240327.mat,778240327,68,16,0.9424227384594273,0.9499170359826955,0.9461698872210613,14,14
session_778240327.mat,778240327,68,17,0.9321681560747762,0.9488416124672601,0.9405048842710182,13,13
session_778240327.mat,778240327,68,18,0.9271478723032288,0.9437242403272372,0.9354360563152331,12,12
session_778240327.mat,778240327,68,19,0.916697698223738,0.9351518645290328,0.9259247813763853,11,11
session_778240327.mat,778240327,68,20,0.9162198787174207,0.9322783852692595,0.9242491319933401,10,10
session_778240327.mat,778240327,68,21,0.9296344257814955,0.9286865410847795,0.9291604834331375,9,9
session_778240327.mat,778240327,68,22,0.9346514096210953,0.9224155053365313,0.9285334574788133,8,8
session_778240327.mat,778240327,68,23,0.9286279187043733,0.925864415554978,0.9272461671296757,7,7
session_778240327.mat,778240327,68,24,0.9222040294085136,0.9357307131761373,0.9289673712923254,6,6
session_778240327.mat,778240327,68,25,0.910817896663708,0.9460432716835452,0.9284305841736267,5,5
session_778240327.mat,778240327,68,26,0.9216204224087733,0.9514226569157996,0.9365215396622865,4,4
session_778240327.mat,778240327,68,27,0.9333954779232233,0.9307840338802449,0.932089755901734,3,3
session_778240327.mat,778240327,68,28,0.9261511578293445,0.9055632628432619,0.9158572103363032,2,2
session_778240327.mat,778240327,68,29,0.9115217474510854,0.8942665841602923,0.9028941658056888,1,1
session_778998620.mat,778998620,45,1,0.9279898507483059,0.9715064268166562,0.9497481387824811,29,29
session_778998620.mat,778998620,45,2,0.9066309793748994,0.959093329062091,0.9328621542184952,28,28
session_778998620.mat,778998620,45,3,0.9253915643706628,0.9491133576425407,0.9372524610066018,27,27
session_778998620.mat,778998620,45,4,0.895386072933785,0.9442646784728108,0.9198253757032979,26,26
session_778998620.mat,778998620,45,5,0.8931982337592005,0.9433900983577658,0.9182941660584831,25,25
session_778998620.mat,778998620,45,6,0.9247183102771647,0.9423394103067352,0.9335288602919499,24,24
session_778998620.mat,778998620,45,7,0.9097926574811502,0.9448106501740294,0.9273016538275898,23,23
session_778998620.mat,778998620,45,8,0.921828385410858,0.9446919025937723,0.9332601440023152,22,22
session_778998620.mat,778998620,45,9,0.9433424533184297,0.9393916329675513,0.9413670431429906,21,21
session_778998620.mat,778998620,45,10,0.9357608733968587,0.9349658488388108,0.9353633611178347,20,20
session_778998620.mat,778998620,45,11,0.9077977351085627,0.929510291260012,0.9186540131842873,19,19
session_778998620.mat,778998620,45,12,0.8954052862902544,0.924845334650032,0.9101253104701432,18,18
session_778998620.mat,778998620,45,13,0.90350576486595,0.9216562527246968,0.9125810087953234,17,17
session_778998620.mat,778998620,45,14,0.8912420922690913,0.9171563205905595,0.9041992064298254,16,16
session_778998620.mat,778998620,45,15,0.8827774580146632,0.9172332616802467,0.9000053598474549,15,15
session_778998620.mat,778998620,45,16,0.921100414209233,0.9123245380005816,0.9167124761049072,14,14
session_778998620.mat,778998620,45,17,0.9000305909239456,0.9068690841564346,0.90344983754019,13,13
session_778998620.mat,778998620,45,18,0.8889776920619465,0.9001838272609616,0.8945807596614541,12,12
session_778998620.mat,778998620,45,19,0.9163435894158997,0.8942603219823905,0.9053019556991451,11,11
session_778998620.mat,778998620,45,20,0.890140079513368,0.8898077562533828,0.8899739178833754,10,10
session_778998620.mat,778998620,45,21,0.8565176270986339,0.8894526978237643,0.8729851624611991,9,9
session_778998620.mat,778998620,45,22,0.9053849769122841,0.9012182385512738,0.903301607731779,8,8
session_778998620.mat,778998620,45,23,0.9083351692188227,0.9054538282316017,0.9068944987252122,7,7
session_778998620.mat,778998620,45,24,0.8530313244185038,0.9000533567596882,0.876542340589096,6,6
session_778998620.mat,778998620,45,25,0.8914759240958883,0.8930338294599334,0.8922548767779108,5,5
session_778998620.mat,778998620,45,26,0.9013766240874789,0.8660213441957042,0.8836989841415915,4,4
session_778998620.mat,778998620,45,27,0.8544350079148936,0.8484890073116297,0.8514620076132616,3,3
session_778998620.mat,778998620,45,28,0.8762111240878057,0.8329325200023026,0.8545718220450541,2,2
session_778998620.mat,778998620,45,29,0.9021766947285051,0.7929266943712289,0.847551694549867,1,1
session_779839471.mat,779839471,84,1,0.9702173861623983,0.9535890667954757,0.961903226478937,29,29
session_779839471.mat,779839471,84,2,0.9614022679362623,0.9394441097337786,0.9504231888350204,28,28
session_779839471.mat,779839471,84,3,0.956770030295064,0.9468943491794287,0.9518321897372464,27,27
session_779839471.mat,779839471,84,4,0.9518826109844551,0.9541757852438503,0.9530291981141528,26,26
session_779839471.mat,779839471,84,5,0.9504176740618792,0.9415503721866445,0.9459840231242618,25,25
session_779839471.mat,779839471,84,6,0.9520913609871849,0.9374136591724619,0.9447525100798234,24,24
session_779839471.mat,779839471,84,7,0.9480731424053142,0.9400429715428714,0.9440580569740928,23,23
session_779839471.mat,779839471,84,8,0.9431831634564248,0.9437321288249904,0.9434576461407076,22,22
session_779839471.mat,779839471,84,9,0.9440624970963879,0.9370692788639607,0.9405658879801744,21,21
session_779839471.mat,779839471,84,10,0.9475349013681464,0.9346027425805433,0.9410688219743448,20,20
session_779839471.mat,779839471,84,11,0.9444969215389907,0.9324071771632186,0.9384520493511046,19,19
session_779839471.mat,779839471,84,12,0.9461356437071881,0.933612454576081,0.9398740491416345,18,18
session_779839471.mat,779839471,84,13,0.9491384810319289,0.9347436327035061,0.9419410568677176,17,17
session_779839471.mat,779839471,84,14,0.9491216798454446,0.9265820582248989,0.9378518690351718,16,16
session_779839471.mat,779839471,84,15,0.9434822414703758,0.9224146293081273,0.9329484353892517,15,15
session_779839471.mat,779839471,84,16,0.9386158711702405,0.9286889903628176,0.933652430766529,14,14
session_779839471.mat,779839471,84,17,0.9401723227205949,0.9292046119074798,0.9346884673140374,13,13
session_779839471.mat,779839471,84,18,0.9409442554220288,0.929148223069001,0.9350462392455149,12,12
session_779839471.mat,779839471,84,19,0.9447726227635904,0.9244014572315475,0.934587039997569,11,11
session_779839471.mat,779839471,84,20,0.9527373747412753,0.9208615868741805,0.9367994808077279,10,10
session_779839471.mat,779839471,84,21,0.9449598002412483,0.9262531787586167,0.9356064894999325,9,9
session_779839471.mat,779839471,84,22,0.9371484238805061,0.9224216990088285,0.9297850614446673,8,8
session_779839471.mat,779839471,84,23,0.9313013936418534,0.9061156218436525,0.9187085077427529,7,7
session_779839471.mat,779839471,84,24,0.9286982654202863,0.9244259721825964,0.9265621188014413,6,6
session_779839471.mat,779839471,84,25,0.9240630457906864,0.9251373657400908,0.9246002057653886,5,5
session_779839471.mat,779839471,84,26,0.9239975763617037,0.9148117965581163,0.9194046864599099,4,4
session_779839471.mat,779839471,84,27,0.932788418189375,0.8968491502127672,0.9148187842010711,3,3
session_779839471.mat,779839471,84,28,0.9260097510679214,0.914250408018475,0.9201300795431981,2,2
session_779839471.mat,779839471,84,29,0.9331197980148568,0.9540444654148237,0.9435821317148403,1,1
session_786091066.mat,786091066,65,1,0.9883419515353992,0.9917349254056177,0.9900384384705084,29,29
session_786091066.mat,786091066,65,2,0.9816678609482565,0.9897061010806382,0.9856869810144473,28,28
session_786091066.mat,786091066,65,3,0.9727654206602308,0.9890602469093898,0.9809128337848103,27,27
session_786091066.mat,786091066,65,4,0.9630947826123641,0.9873057750349793,0.9752002788236718,26,26
session_786091066.mat,786091066,65,5,0.9523445318128791,0.9863416845180544,0.9693431081654668,25,25
session_786091066.mat,786091066,65,6,0.9404195515913997,0.9858908162319852,0.9631551839116924,24,24
session_786091066.mat,786091066,65,7,0.9258598915267031,0.984794934484576,0.9553274130056395,23,23
session_786091066.mat,786091066,65,8,0.9104702706030211,0.9844977690401318,0.9474840198215764,22,22
session_786091066.mat,786091066,65,9,0.8960176267972229,0.9821642282493185,0.9390909275232706,21,21
session_786091066.mat,786091066,65,10,0.883037819295754,0.9818466221816081,0.9324422207386811,20,20
session_786091066.mat,786091066,65,11,0.8717635077401348,0.9815419353829241,0.9266527215615294,19,19
session_786091066.mat,786091066,65,12,0.858604783879674,0.9799400342545691,0.9192724090671216,18,18
session_786091066.mat,786091066,65,13,0.846126057328175,0.9783893669667144,0.9122577121474447,17,17
session_786091066.mat,786091066,65,14,0.8324272835883861,0.978379495921197,0.9054033897547915,16,16
session_786091066.mat,786091066,65,15,0.8162068869609544,0.9790729292581148,0.8976399081095346,15,15
session_786091066.mat,786091066,65,16,0.8042089997322706,0.9804145102718186,0.8923117550020445,14,14
session_786091066.mat,786091066,65,17,0.790515984207273,0.9798204467704963,0.8851682154888847,13,13
session_786091066.mat,786091066,65,18,0.776697664043374,0.9791015101283153,0.8778995870858446,12,12
session_786091066.mat,786091066,65,19,0.7662176079017698,0.9786104077926169,0.8724140078471934,11,11
session_786091066.mat,786091066,65,20,0.7554873322686897,0.9772556460297892,0.8663714891492394,10,10
session_786091066.mat,786091066,65,21,0.741085894602162,0.9766337229845424,0.8588598087933522,9,9
session_786091066.mat,786091066,65,22,0.7329381072929237,0.9749918165574338,0.8539649619251788,8,8
session_786091066.mat,786091066,65,23,0.7294403830344144,0.9731463098335952,0.8512933464340048,7,7
session_786091066.mat,786091066,65,24,0.7292232569858608,0.9718977107806032,0.8505604838832319,6,6
session_786091066.mat,786091066,65,25,0.7292906075267255,0.9690145683614763,0.8491525879441009,5,5
session_786091066.mat,786091066,65,26,0.7206312199796883,0.9703197391810049,0.8454754795803465,4,4
session_786091066.mat,786091066,65,27,0.7253735919060299,0.9697929817850225,0.8475832868455262,3,3
session_786091066.mat,786091066,65,28,0.7202112464315555,0.9632437948326811,0.8417275206321183,2,2
session_786091066.mat,786091066,65,29,0.6993160234526463,0.9589402978561252,0.8291281606543858,1,1
session_794812542.mat,794812542,65,1,0.9123336255447264,0.9390947567586756,0.9257141911517011,29,29
session_794812542.mat,794812542,65,2,0.9211987775083793,0.9249250859554708,0.9230619317319251,28,28
session_794812542.mat,794812542,65,3,0.8895890721053438,0.9420200072969312,0.9158045397011375,27,27
session_794812542.mat,794812542,65,4,0.8831957027413756,0.9254070875987881,0.9043013951700818,26,26
session_794812542.mat,794812542,65,5,0.8952445447135021,0.9169135055441004,0.9060790251288013,25,25
session_794812542.mat,794812542,65,6,0.8943333015125842,0.9207853134307818,0.907559307471683,24,24
session_794812542.mat,794812542,65,7,0.9135854268216782,0.9097106643767325,0.9116480455992053,23,23
session_794812542.mat,794812542,65,8,0.8987015763517505,0.9069687584178694,0.90283516738481,22,22
session_794812542.mat,794812542,65,9,0.8930908296137567,0.911901239409125,0.9024960345114409,21,21
session_794812542.mat,794812542,65,10,0.8828635883365527,0.9244402237348177,0.9036519060356851,20,20
session_794812542.mat,794812542,65,11,0.8722190035712705,0.9078334217534373,0.8900262126623539,19,19
session_794812542.mat,794812542,65,12,0.8764809543063898,0.8984733053279427,0.8874771298171662,18,18
session_794812542.mat,794812542,65,13,0.8699072531944143,0.9254854991100777,0.8976963761522461,17,17
session_794812542.mat,794812542,65,14,0.8917954799056727,0.9317185002878468,0.9117569900967597,16,16
session_794812542.mat,794812542,65,15,0.8752962294735467,0.9260929483149277,0.9006945888942373,15,15
session_794812542.mat,794812542,65,16,0.8877418466157421,0.9358223551652552,0.9117821008904987,14,14
session_794812542.mat,794812542,65,17,0.8710115178781002,0.9456153159337849,0.9083134169059426,13,13
session_794812542.mat,794812542,65,18,0.8876121053848722,0.9438991324924525,0.9157556189386624,12,12
session_794812542.mat,794812542,65,19,0.889916273886989,0.9395629758352839,0.9147396248611365,11,11
session_794812542.mat,794812542,65,20,0.9108720679338436,0.9582947344289089,0.9345834011813763,10,10
session_794812542.mat,794812542,65,21,0.903036438096414,0.9184788429102748,0.9107576405033444,9,9
session_794812542.mat,794812542,65,22,0.9033551081706095,0.9186331787079424,0.9109941434392759,8,8
session_794812542.mat,794812542,65,23,0.9110430786223572,0.9530120989680197,0.9320275887951885,7,7
session_794812542.mat,794812542,65,24,0.8619941955165044,0.9247304241636237,0.893362309840064,6,6
session_794812542.mat,794812542,65,25,0.8947379697287333,0.9106267278724374,0.9026823488005853,5,5
session_794812542.mat,794812542,65,26,0.8540756659345202,0.9395769855491203,0.8968263257418203,4,4
session_794812542.mat,794812542,65,27,0.9052073452217857,0.8936773895275301,0.8994423673746579,3,3
session_794812542.mat,794812542,65,28,0.8395856929880818,0.9126490925672648,0.8761173927776733,2,2
session_794812542.mat,794812542,65,29,0.9273423609552104,0.944771175007105,0.9360567679811577,1,1
session_816200189.mat,816200189,76,1,0.9889442805546176,0.9857425124486823,0.9873433965016499,29,29
session_816200189.mat,816200189,76,2,0.9868627963850247,0.9819375659520492,0.984400181168537,28,28
session_816200189.mat,816200189,76,3,0.986409958040751,0.9805290334207094,0.9834694957307302,27,27
session_816200189.mat,816200189,76,4,0.9854592592588557,0.9792048268338301,0.9823320430463429,26,26
session_816200189.mat,816200189,76,5,0.984820937699524,0.9766895339394053,0.9807552358194647,25,25
session_816200189.mat,816200189,76,6,0.9826662367076345,0.9748454801014935,0.978755858404564,24,24
session_816200189.mat,816200189,76,7,0.9833962866113527,0.9741836311318023,0.9787899588715775,23,23
session_816200189.mat,816200189,76,8,0.9834021864890456,0.9714889782469144,0.97744558236798,22,22
session_816200189.mat,816200189,76,9,0.9826730852353759,0.9708401641831728,0.9767566247092743,21,21
session_816200189.mat,816200189,76,10,0.9830393963657403,0.972265603267705,0.9776524998167226,20,20
session_816200189.mat,816200189,76,11,0.9838211448615802,0.9690024724759863,0.9764118086687832,19,19
session_816200189.mat,816200189,76,12,0.98276802952049,0.9671447111816348,0.9749563703510624,18,18
session_816200189.mat,816200189,76,13,0.9830284387750301,0.9634918815272814,0.9732601601511557,17,17
session_816200189.mat,816200189,76,14,0.9836594554285973,0.9648682066138694,0.9742638310212334,16,16
session_816200189.mat,816200189,76,15,0.9827993890753276,0.9663364021381021,0.9745678956067149,15,15
session_816200189.mat,816200189,76,16,0.9860475559411158,0.9670553798307305,0.9765514678859232,14,14
session_816200189.mat,816200189,76,17,0.9830424830176422,0.9672622217132633,0.9751523523654527,13,13
session_816200189.mat,816200189,76,18,0.9821315481933466,0.9686527871198614,0.975392167656604,12,12
session_816200189.mat,816200189,76,19,0.9831777296065023,0.9662749880188793,0.9747263588126909,11,11
session_816200189.mat,816200189,76,20,0.9803542649301413,0.9653990534126269,0.9728766591713841,10,10
session_816200189.mat,816200189,76,21,0.9804461121840026,0.9651880226635924,0.9728170674237975,9,9
session_816200189.mat,816200189,76,22,0.98056110601826,0.9612714034871693,0.9709162547527146,8,8
session_816200189.mat,816200189,76,23,0.9802279091010722,0.9534773516659973,0.9668526303835348,7,7
session_816200189.mat,816200189,76,24,0.9835210112550548,0.9528099691520219,0.9681654902035384,6,6
session_816200189.mat,816200189,76,25,0.9819635417520256,0.9558636725837341,0.9689136071678799,5,5
session_816200189.mat,816200189,76,26,0.9794958121581029,0.9544173313389339,0.9669565717485185,4,4
session_816200189.mat,816200189,76,27,0.9796922485154047,0.9657926551944523,0.9727424518549286,3,3
session_816200189.mat,816200189,76,28,0.9758860060423951,0.9659450423307641,0.9709155241865796,2,2
session_816200189.mat,816200189,76,29,0.9813913814170486,0.9596445310777767,0.9705179562474127,1,1
session_819186360.mat,819186360,20,1,0.9881005959868111,0.9865149777826012,0.9873077868847062,29,29
session_819186360.mat,819186360,20,2,0.9864263453491829,0.9815619198579852,0.9839941326035841,28,28
session_819186360.mat,819186360,20,3,0.9856352303385882,0.9805761214046131,0.9831056758716007,27,27
session_819186360.mat,819186360,20,4,0.9839263027840173,0.9776054883310283,0.9807658955575228,26,26
session_819186360.mat,819186360,20,5,0.9843581247555112,0.9766550086447222,0.9805065667001167,25,25
session_819186360.mat,819186360,20,6,0.9855423665623584,0.9740858108059331,0.9798140886841458,24,24
session_819186360.mat,819186360,20,7,0.9820006208865769,0.9719718353562558,0.9769862281214163,23,23
session_819186360.mat,819186360,20,8,0.9831466101754468,0.9756635968392261,0.9794051035073364,22,22
session_819186360.mat,819186360,20,9,0.9830913272258496,0.9720913252562889,0.9775913262410693,21,21
session_819186360.mat,819186360,20,10,0.9808380464843749,0.9671258379001856,0.9739819421922802,20,20
session_819186360.mat,819186360,20,11,0.984361592039508,0.9671248334131896,0.9757432127263488,19,19
session_819186360.mat,819186360,20,12,0.9804912360440459,0.9652276264441093,0.9728594312440776,18,18
session_819186360.mat,819186360,20,13,0.9816233467886486,0.9697535036235817,0.9756884252061151,17,17
session_819186360.mat,819186360,20,14,0.9843674166186231,0.9674908709209777,0.9759291437698004,16,16
session_819186360.mat,819186360,20,15,0.9846830708408834,0.9664221799262572,0.9755526253835702,15,15
session_819186360.mat,819186360,20,16,0.9842318222490541,0.9664448420403035,0.9753383321446788,14,14
session_819186360.mat,819186360,20,17,0.9873109555140298,0.9667869527804626,0.9770489541472462,13,13
session_819186360.mat,819186360,20,18,0.9867987484726517,0.9624378713163798,0.9746183098945158,12,12
session_819186360.mat,819186360,20,19,0.9894014555142046,0.9595489404868833,0.9744751980005439,11,11
session_819186360.mat,819186360,20,20,0.9883493422545827,0.9583428660468843,0.9733461041507335,10,10
session_819186360.mat,819186360,20,21,0.9888936767001538,0.955666634379409,0.9722801555397814,9,9
session_819186360.mat,819186360,20,22,0.9879808285152533,0.9502346616736759,0.9691077450944645,8,8
session_819186360.mat,819186360,20,23,0.986116427572381,0.9395337736856105,0.9628251006289958,7,7
session_819186360.mat,819186360,20,24,0.9829558129148189,0.9316269589306941,0.9572913859227565,6,6
session_819186360.mat,819186360,20,25,0.9822391876081333,0.9197829489991747,0.951011068303654,5,5
session_819186360.mat,819186360,20,26,0.9804775246604633,0.9060757264558794,0.9432766255581714,4,4
session_819186360.mat,819186360,20,27,0.985567300631706,0.8893142448814683,0.9374407727565871,3,3
session_819186360.mat,819186360,20,28,0.9803246453088945,0.8666965203471133,0.9235105828280039,2,2
session_819186360.mat,819186360,20,29,0.9802616047624046,0.8606812117438457,0.9204714082531251,1,1
session_821695405.mat,821695405,59,1,0.9810864748932201,0.9811204974718727,0.9811034861825464,29,29
session_821695405.mat,821695405,59,2,0.9753759199706279,0.9779398960065165,0.9766579079885722,28,28
session_821695405.mat,821695405,59,3,0.9744515213517646,0.9784457770189054,0.976448649185335,27,27
session_821695405.mat,821695405,59,4,0.9667867030083165,0.9798087047163863,0.9732977038623514,26,26
session_821695405.mat,821695405,59,5,0.9659050520741885,0.9783995572739356,0.9721523046740621,25,25
session_821695405.mat,821695405,59,6,0.963535081058836,0.9736318225097048,0.9685834517842704,24,24
session_821695405.mat,821695405,59,7,0.9607175257835445,0.9737029713722699,0.9672102485779073,23,23
session_821695405.mat,821695405,59,8,0.9659287153467472,0.9783615952038386,0.9721451552752929,22,22
session_821695405.mat,821695405,59,9,0.967317236257622,0.9760198935548626,0.9716685649062423,21,21
session_821695405.mat,821695405,59,10,0.9658917618486795,0.9739808332979785,0.969936297573329,20,20
session_821695405.mat,821695405,59,11,0.9652292524346874,0.9783213048758871,0.9717752786552872,19,19
session_821695405.mat,821695405,59,12,0.9628461659731118,0.9781631333268709,0.9705046496499914,18,18
session_821695405.mat,821695405,59,13,0.9546532438343663,0.9755288440887171,0.9650910439615417,17,17
session_821695405.mat,821695405,59,14,0.9524702889075672,0.9780509774965797,0.9652606332020734,16,16
session_821695405.mat,821695405,59,15,0.949576443027196,0.973921951892947,0.9617491974600715,15,15
session_821695405.mat,821695405,59,16,0.9397621243553745,0.9739436249168145,0.9568528746360945,14,14
session_821695405.mat,821695405,59,17,0.9400355424831061,0.9733120659876775,0.9566738042353917,13,13
session_821695405.mat,821695405,59,18,0.9400949524855616,0.9737162042168276,0.9569055783511946,12,12
session_821695405.mat,821695405,59,19,0.9410921857693381,0.9786297311005476,0.9598609584349429,11,11
session_821695405.mat,821695405,59,20,0.947004240200893,0.973729529895498,0.9603668850481955,10,10
session_821695405.mat,821695405,59,21,0.944942597280693,0.9697300975193888,0.9573363474000409,9,9
session_821695405.mat,821695405,59,22,0.9443748223328712,0.9730526778200179,0.9587137500764445,8,8
session_821695405.mat,821695405,59,23,0.956249277089242,0.9810361783743199,0.968642727731781,7,7
session_821695405.mat,821695405,59,24,0.947859924710698,0.9745905315343172,0.9612252281225075,6,6
session_821695405.mat,821695405,59,25,0.9472451882323831,0.9774524358636905,0.9623488120480368,5,5
session_821695405.mat,821695405,59,26,0.9560467387660083,0.9675411572467494,0.9617939480063789,4,4
session_821695405.mat,821695405,59,27,0.9586950863184899,0.9724887751956978,0.9655919307570938,3,3
session_821695405.mat,821695405,59,28,0.9515271624229431,0.9623432854676057,0.9569352239452744,2,2
session_821695405.mat,821695405,59,29,0.9538913610017061,0.9251503197146395,0.9395208403581727,1,1
session_831882777.mat,831882777,72,1,0.9894751875627004,0.9791762581605992,0.9843257228616498,29,29
session_831882777.mat,831882777,72,2,0.9861356238151645,0.9702053621307304,0.9781704929729474,28,28
session_831882777.mat,831882777,72,3,0.9828000619957692,0.9662012745289306,0.9745006682623498,27,27
session_831882777.mat,831882777,72,4,0.9812117989092991,0.9650578244118259,0.9731348116605625,26,26
session_831882777.mat,831882777,72,5,0.9792844395845709,0.9660018685189278,0.9726431540517493,25,25
session_831882777.mat,831882777,72,6,0.9778133311333002,0.9678311466292667,0.9728222388812835,24,24
session_831882777.mat,831882777,72,7,0.9751947495065793,0.9676818497319893,0.9714382996192843,23,23
session_831882777.mat,831882777,72,8,0.9744800064117282,0.9658401739838264,0.9701600901977773,22,22
session_831882777.mat,831882777,72,9,0.9738868845176518,0.9607997676010875,0.9673433260593697,21,21
session_831882777.mat,831882777,72,10,0.973253174636915,0.9607361069476659,0.9669946407922905,20,20
session_831882777.mat,831882777,72,11,0.971892572883741,0.9615787806607907,0.9667356767722659,19,19
session_831882777.mat,831882777,72,12,0.9698717960250554,0.9620280433749172,0.9659499196999863,18,18
session_831882777.mat,831882777,72,13,0.9671822780751613,0.9612907093776984,0.9642364937264298,17,17
session_831882777.mat,831882777,72,14,0.9644031875342634,0.9587873626183115,0.9615952750762875,16,16
session_831882777.mat,831882777,72,15,0.9621629644079088,0.9572151677404647,0.9596890660741868,15,15
session_831882777.mat,831882777,72,16,0.9602354136921394,0.9536720196444044,0.9569537166682719,14,14
session_831882777.mat,831882777,72,17,0.9572233274858672,0.9513694440779067,0.9542963857818869,13,13
session_831882777.mat,831882777,72,18,0.9518764687795875,0.9481890022994377,0.9500327355395126,12,12
session_831882777.mat,831882777,72,19,0.9507914466224915,0.9443576654792458,0.9475745560508686,11,11
session_831882777.mat,831882777,72,20,0.9496453190504518,0.9401010006570125,0.9448731598537321,10,10
session_831882777.mat,831882777,72,21,0.9454641353882626,0.9322031777254564,0.9388336565568595,9,9
session_831882777.mat,831882777,72,22,0.9431019360328895,0.9283520104089911,0.9357269732209403,8,8
session_831882777.mat,831882777,72,23,0.941462090398187,0.9292065588430309,0.935334324620609,7,7
session_831882777.mat,831882777,72,24,0.9362140298094587,0.936551103723441,0.9363825667664498,6,6
session_831882777.mat,831882777,72,25,0.9324780457859912,0.9429382123255865,0.9377081290557889,5,5
session_831882777.mat,831882777,72,26,0.9225269297625337,0.9386005030457732,0.9305637164041535,4,4
session_831882777.mat,831882777,72,27,0.9084435140895158,0.9271548203096148,0.9177991671995653,3,3
session_831882777.mat,831882777,72,28,0.895355917377647,0.911282197566208,0.9033190574719274,2,2
session_831882777.mat,831882777,72,29,0.8822977498509544,0.9046677720992828,0.8934827609751186,1,1
session_839068429.mat,839068429,60,1,0.9511604947078547,0.9526258670382349,0.9518931808730449,29,29
session_839068429.mat,839068429,60,2,0.9310159604364197,0.9431022984050138,0.9370591294207167,28,28
session_839068429.mat,839068429,60,3,0.9195185528073627,0.9375317234831707,0.9285251381452667,27,27
session_839068429.mat,839068429,60,4,0.9162068627421961,0.9336250740534644,0.9249159683978303,26,26
session_839068429.mat,839068429,60,5,0.9220696439666005,0.9293480186726417,0.9257088313196211,25,25
session_839068429.mat,839068429,60,6,0.9210695044534948,0.9279610351880704,0.9245152698207826,24,24
session_839068429.mat,839068429,60,7,0.9075370792893819,0.9300666199372914,0.9188018496133367,23,23
session_839068429.mat,839068429,60,8,0.9006476880434218,0.9286082019439064,0.9146279449936641,22,22
session_839068429.mat,839068429,60,9,0.892098029458267,0.9362652810692511,0.914181655263759,21,21
session_839068429.mat,839068429,60,10,0.8816725016725331,0.9265752015948998,0.9041238516337164,20,20
session_839068429.mat,839068429,60,11,0.8864823304247037,0.9303897334413223,0.9084360319330129,19,19
session_839068429.mat,839068429,60,12,0.8826530545436282,0.9200787791108502,0.9013659168272392,18,18
session_839068429.mat,839068429,60,13,0.8744072645932653,0.912797953642335,0.8936026091178002,17,17
session_839068429.mat,839068429,60,14,0.8795508877111105,0.9196108534587306,0.8995808705849205,16,16
session_839068429.mat,839068429,60,15,0.8771872132584316,0.9138731560951961,0.8955301846768139,15,15
session_839068429.mat,839068429,60,16,0.8789673431713185,0.9075015500470384,0.8932344466091784,14,14
session_839068429.mat,839068429,60,17,0.8675230508335697,0.9085555998162866,0.8880393253249281,13,13
session_839068429.mat,839068429,60,18,0.861901800475502,0.905876059792137,0.8838889301338195,12,12
session_839068429.mat,839068429,60,19,0.8692179867440153,0.9042323427398457,0.8867251647419305,11,11
session_839068429.mat,839068429,60,20,0.8840704494608629,0.9063241773116602,0.8951973133862615,10,10
session_839068429.mat,839068429,60,21,0.8724351989316435,0.9104744186423189,0.8914548087869811,9,9
session_839068429.mat,839068429,60,22,0.8810321374720342,0.9140923822127943,0.8975622598424142,8,8
session_839068429.mat,839068429,60,23,0.8643323499515628,0.9107347751050617,0.8875335625283123,7,7
session_839068429.mat,839068429,60,24,0.8568803031831976,0.9140501128045035,0.8854652079938505,6,6
session_839068429.mat,839068429,60,25,0.8601546364481726,0.9029138225403723,0.8815342294942725,5,5
session_839068429.mat,839068429,60,26,0.8543168292769983,0.8994046498350544,0.8768607395560264,4,4
session_839068429.mat,839068429,60,27,0.8749231820663171,0.8721735578168429,0.87354836994158,3,3
session_839068429.mat,839068429,60,28,0.8710644323221355,0.8597656077051019,0.8654150200136187,2,2
session_839068429.mat,839068429,60,29,0.8599771542405301,0.8424919129123107,0.8512345335764204,1,1
session_839557629.mat,839557629,38,1,0.9535599698479681,0.9683778115652897,0.9609688907066289,29,29
session_839557629.mat,839557629,38,2,0.9344586625719414,0.9597222704082495,0.9470904664900954,28,28
session_839557629.mat,839557629,38,3,0.90486896353627,0.9560428063540928,0.9304558849451814,27,27
session_839557629.mat,839557629,38,4,0.882211299720126,0.9566521301824167,0.9194317149512714,26,26
session_839557629.mat,839557629,38,5,0.8664319829115794,0.9559967206180313,0.9112143517648054,25,25
session_839557629.mat,839557629,38,6,0.8446949131164402,0.9492414221443962,0.8969681676304182,24,24
session_839557629.mat,839557629,38,7,0.8451781057590585,0.9424128269802271,0.8937954663696428,23,23
session_839557629.mat,839557629,38,8,0.8406691062486786,0.9409312309682185,0.8908001686084486,22,22
session_839557629.mat,839557629,38,9,0.8354937200513025,0.9440992266104964,0.8897964733308994,21,21
session_839557629.mat,839557629,38,10,0.8266111969559414,0.9368584505157423,0.8817348237358419,20,20
session_839557629.mat,839557629,38,11,0.8222314430106582,0.9331564435594776,0.8776939432850679,19,19
session_839557629.mat,839557629,38,12,0.8081849914461765,0.9284287359064538,0.8683068636763152,18,18
session_839557629.mat,839557629,38,13,0.7950535989065228,0.930849110685502,0.8629513547960124,17,17
session_839557629.mat,839557629,38,14,0.7771648149236012,0.9368311553726596,0.8569979851481304,16,16
session_839557629.mat,839557629,38,15,0.7620730458873415,0.9268514023411129,0.8444622241142272,15,15
session_839557629.mat,839557629,38,16,0.746353139108155,0.9291832525470934,0.8377681958276242,14,14
session_839557629.mat,839557629,38,17,0.7320526174264621,0.9299145495506219,0.830983583488542,13,13
session_839557629.mat,839557629,38,18,0.725460009997246,0.9323514588549777,0.8289057344261119,12,12
session_839557629.mat,839557629,38,19,0.6963582842693253,0.9291104125264816,0.8127343483979035,11,11
session_839557629.mat,839557629,38,20,0.699261994180091,0.926868430742417,0.8130652124612541,10,10
session_839557629.mat,839557629,38,21,0.6725373294592815,0.9216597107362394,0.7970985200977605,9,9
session_839557629.mat,839557629,38,22,0.6749866518474564,0.9296655310106935,0.802326091429075,8,8
session_839557629.mat,839557629,38,23,0.6773122983991364,0.9429515381321009,0.8101319182656186,7,7
session_839557629.mat,839557629,38,24,0.6771600838964461,0.9490186914278974,0.8130893876621718,6,6
session_839557629.mat,839557629,38,25,0.6692543187719591,0.9448624753106033,0.8070583970412812,5,5
session_839557629.mat,839557629,38,26,0.6382128740193694,0.9458925731862421,0.7920527236028058,4,4
session_839557629.mat,839557629,38,27,0.638954424389175,0.9273461515982181,0.7831502879936966,3,3
session_839557629.mat,839557629,38,28,0.6256202748673378,0.926041991154777,0.7758311330110574,2,2
session_839557629.mat,839557629,38,29,0.6398391410532911,0.9016580333343059,0.7707485871937985,1,1
session_840012044.mat,840012044,53,1,0.9636580079610749,0.9689943953747009,0.966326201667888,29,29
session_840012044.mat,840012044,53,2,0.9513042652783452,0.9521800365747147,0.95174215092653,28,28
session_840012044.mat,840012044,53,3,0.9362869269849041,0.9468687730309041,0.9415778500079042,27,27
session_840012044.mat,840012044,53,4,0.9349264058012212,0.9406767804164844,0.9378015931088528,26,26
session_840012044.mat,840012044,53,5,0.9306846250376966,0.9295890145517735,0.9301368197947351,25,25
session_840012044.mat,840012044,53,6,0.9358268408381738,0.9180093973881686,0.9269181191131712,24,24
session_840012044.mat,840012044,53,7,0.9391071871505925,0.9122848802787292,0.9256960337146609,23,23
session_840012044.mat,840012044,53,8,0.9421201521631472,0.9045488083899612,0.9233344802765542,22,22
session_840012044.mat,840012044,53,9,0.9359677090963915,0.8937339838701199,0.9148508464832557,21,21
session_840012044.mat,840012044,53,10,0.9341102212230558,0.8910561698839045,0.9125831955534801,20,20
session_840012044.mat,840012044,53,11,0.927269895355075,0.8897207732965683,0.9084953343258216,19,19
session_840012044.mat,840012044,53,12,0.931160282048579,0.8886013478513836,0.9098808149499813,18,18
session_840012044.mat,840012044,53,13,0.93579598717284,0.8863267900827555,0.9110613886277977,17,17
session_840012044.mat,840012044,53,14,0.945637158746807,0.8883655142574177,0.9170013365021124,16,16
session_840012044.mat,840012044,53,15,0.9401994234899477,0.8896840997336923,0.9149417616118201,15,15
session_840012044.mat,840012044,53,16,0.9333951247389347,0.8869949944833228,0.9101950596111288,14,14
session_840012044.mat,840012044,53,17,0.9205920664079923,0.8871807470644331,0.9038864067362127,13,13
session_840012044.mat,840012044,53,18,0.9127428830347775,0.8917184942238453,0.9022306886293114,12,12
session_840012044.mat,840012044,53,19,0.9035067521402717,0.8933555415403177,0.8984311468402947,11,11
session_840012044.mat,840012044,53,20,0.8925650642741884,0.8878762275288168,0.8902206459015025,10,10
session_840012044.mat,840012044,53,21,0.8970120595245565,0.8876243652919398,0.8923182124082482,9,9
session_840012044.mat,840012044,53,22,0.8960045674367987,0.8927395100777279,0.8943720387572633,8,8
session_840012044.mat,840012044,53,23,0.8859447677484884,0.8949074100184158,0.8904260888834521,7,7
session_840012044.mat,840012044,53,24,0.8876962169383998,0.8832247206914875,0.8854604688149437,6,6
session_840012044.mat,840012044,53,25,0.8899841868223,0.8779471612874563,0.8839656740548781,5,5
session_840012044.mat,840012044,53,26,0.8954494554666091,0.8818696173092256,0.8886595363879174,4,4
session_840012044.mat,840012044,53,27,0.9071655794652099,0.8884327862983025,0.8977991828817562,3,3
session_840012044.mat,840012044,53,28,0.9310008015428023,0.8835896630775322,0.9072952323101673,2,2
session_840012044.mat,840012044,53,29,0.9341947952190853,0.8802067287389822,0.9072007619790338,1,1
session_847657808.mat,847657808,55,1,0.9743702587299509,0.9508739563634744,0.9626221075467126,29,29
session_847657808.mat,847657808,55,2,0.9608014750664556,0.9188691332988229,0.9398353041826393,28,28
session_847657808.mat,847657808,55,3,0.9522925607545437,0.9164078460354661,0.9343502033950049,27,27
session_847657808.mat,847657808,55,4,0.9426947349768822,0.9237048281652355,0.9331997815710589,26,26
session_847657808.mat,847657808,55,5,0.9363826803129238,0.9362066516507636,0.9362946659818436,25,25
session_847657808.mat,847657808,55,6,0.9323921776394354,0.9290771228295446,0.93073465023449,24,24
session_847657808.mat,847657808,55,7,0.934800409643607,0.9060816013857914,0.9204410055146992,23,23
session_847657808.mat,847657808,55,8,0.9334252386563324,0.904548678724663,0.9189869586904977,22,22
session_847657808.mat,847657808,55,9,0.9306795025597778,0.9155922532759243,0.9231358779178511,21,21
session_847657808.mat,847657808,55,10,0.9307085991468103,0.940304067008556,0.9355063330776832,20,20
session_847657808.mat,847657808,55,11,0.9297245160546902,0.9480961631147661,0.9389103395847281,19,19
session_847657808.mat,847657808,55,12,0.9264073845876961,0.9237975037557299,0.9251024441717131,18,18
session_847657808.mat,847657808,55,13,0.9271743279840545,0.8996585250009426,0.9134164264924985,17,17
session_847657808.mat,847657808,55,14,0.9283854413332179,0.9058669626976623,0.91712620201544,16,16
session_847657808.mat,847657808,55,15,0.9291806123015331,0.919408804764744,0.9242947085331386,15,15
session_847657808.mat,847657808,55,16,0.9243620781050516,0.9302146534901578,0.9272883657976047,14,14
session_847657808.mat,847657808,55,17,0.9277421738668583,0.918138982198358,0.9229405780326081,13,13
session_847657808.mat,847657808,55,18,0.9357893406826615,0.9044910646730359,0.9201402026778487,12,12
session_847657808.mat,847657808,55,19,0.9423115318520765,0.9154642540733492,0.9288878929627129,11,11
session_847657808.mat,847657808,55,20,0.9501858850794667,0.926318913996794,0.9382523995381303,10,10
session_847657808.mat,847657808,55,21,0.9562701064164388,0.9349145734090456,0.9455923399127422,9,9
session_847657808.mat,847657808,55,22,0.96554374261909,0.9397704590436863,0.9526571008313882,8,8
session_847657808.mat,847657808,55,23,0.9661946488441407,0.9135963151717438,0.9398954820079423,7,7
session_847657808.mat,847657808,55,24,0.9627786786723708,0.9004859678682928,0.9316323232703319,6,6
session_847657808.mat,847657808,55,25,0.9606529489630434,0.9276600714722882,0.9441565102176659,5,5
session_847657808.mat,847657808,55,26,0.9698905150123385,0.9080986248593215,0.93899456993583,4,4
session_847657808.mat,847657808,55,27,0.9688146820712159,0.8775037829889212,0.9231592325300686,3,3
session_847657808.mat,847657808,55,28,0.968653206909259,0.8612929011214068,0.9149730540153329,2,2
session_847657808.mat,847657808,55,29,0.9600048038280488,0.8729021174942625,0.9164534606611556,1,1
